count,maxNeighbors,force,render,debug,phase,t,frameAvg,frameP95,frameMax,long,cpuFrame,cpuMainAvg,cpuMainP95,cpuRenderAvg,cpuRenderP95,cpuWaitAvg,cpuWaitP95,gpuAvg,gpuP95,thermal,thermalStart,thermalMax,buckets
M3D_PERF count=3000 maxNeighbors=48 force=1 render=1 debug=na phase=WARMUP t=10.0 frameAvg=na frameP95=na frameMax=na long=na cpuFrame=na cpuMainAvg=na cpuMainP95=na cpuRenderAvg=na cpuRenderP95=na cpuWaitAvg=na cpuWaitP95=na gpuAvg=na gpuP95=na thermal=0 thermalStart=0 thermalMax=0 buckets=16.7
M3D_PERF count=3000 maxNeighbors=48 force=1 render=1 debug=na phase=WARMUP t=20.0 frameAvg=na frameP95=na frameMax=na long=na cpuFrame=na cpuMainAvg=na cpuMainP95=na cpuRenderAvg=na cpuRenderP95=na cpuWaitAvg=na cpuWaitP95=na gpuAvg=na gpuP95=na thermal=0 thermalStart=0 thermalMax=0 buckets=16.7/16.7
M3D_PERF count=3000 maxNeighbors=48 force=1 render=1 debug=na phase=MEASURE t=30.0 frameAvg=na frameP95=na frameMax=na long=na cpuFrame=na cpuMainAvg=na cpuMainP95=na cpuRenderAvg=na cpuRenderP95=na cpuWaitAvg=na cpuWaitP95=na gpuAvg=na gpuP95=na thermal=0 thermalStart=0 thermalMax=0 buckets=16.7/16.7/16.7
M3D_PERF count=3000 maxNeighbors=48 force=1 render=1 debug=na phase=MEASURE t=40.0 frameAvg=16.72 frameP95=16.84 frameMax=17.43 long=0.000 cpuFrame=16.71 cpuMainAvg=4.56 cpuMainP95=5.94 cpuRenderAvg=0.79 cpuRenderP95=1.04 cpuWaitAvg=12.11 cpuWaitP95=15.40 gpuAvg=16.69 gpuP95=19.23 thermal=0 thermalStart=0 thermalMax=0 buckets=16.7/16.7/16.7/16.7
M3D_PERF count=3000 maxNeighbors=48 force=1 render=1 debug=na phase=MEASURE t=50.0 frameAvg=16.72 frameP95=16.84 frameMax=17.43 long=0.000 cpuFrame=16.72 cpuMainAvg=4.57 cpuMainP95=6.00 cpuRenderAvg=0.78 cpuRenderP95=1.00 cpuWaitAvg=12.10 cpuWaitP95=15.39 gpuAvg=16.69 gpuP95=18.63 thermal=0 thermalStart=0 thermalMax=0 buckets=16.7/16.7/16.7/16.7/16.7
M3D_PERF count=3000 maxNeighbors=48 force=1 render=1 debug=na phase=DONE t=60.0 frameAvg=16.72 frameP95=16.84 frameMax=17.43 long=0.000 cpuFrame=16.72 cpuMainAvg=4.61 cpuMainP95=6.10 cpuRenderAvg=0.78 cpuRenderP95=1.01 cpuWaitAvg=12.06 cpuWaitP95=15.39 gpuAvg=16.69 gpuP95=18.39 thermal=0 thermalStart=0 thermalMax=0 buckets=16.7/16.7/16.7/16.7/16.7/16.7
M3D_PERF count=3000 maxNeighbors=48 force=1 render=1 debug=na phase=DONE t=70.0 frameAvg=16.72 frameP95=16.84 frameMax=17.43 long=0.000 cpuFrame=16.72 cpuMainAvg=4.61 cpuMainP95=6.10 cpuRenderAvg=0.78 cpuRenderP95=1.01 cpuWaitAvg=12.06 cpuWaitP95=15.39 gpuAvg=16.69 gpuP95=18.39 thermal=0 thermalStart=0 thermalMax=0 buckets=16.7/16.7/16.7/16.7/16.7/16.7/16.7
M3D_PERF count=3000 maxNeighbors=48 force=1 render=0 debug=na phase=WARMUP t=10.0 frameAvg=na frameP95=na frameMax=na long=na cpuFrame=na cpuMainAvg=na cpuMainP95=na cpuRenderAvg=na cpuRenderP95=na cpuWaitAvg=na cpuWaitP95=na gpuAvg=na gpuP95=na thermal=0 thermalStart=0 thermalMax=0 buckets=16.7
M3D_PERF count=3000 maxNeighbors=48 force=1 render=0 debug=na phase=WARMUP t=20.0 frameAvg=na frameP95=na frameMax=na long=na cpuFrame=na cpuMainAvg=na cpuMainP95=na cpuRenderAvg=na cpuRenderP95=na cpuWaitAvg=na cpuWaitP95=na gpuAvg=na gpuP95=na thermal=0 thermalStart=0 thermalMax=0 buckets=16.7/16.7
M3D_PERF count=3000 maxNeighbors=48 force=1 render=0 debug=na phase=MEASURE t=30.0 frameAvg=na frameP95=na frameMax=na long=na cpuFrame=na cpuMainAvg=na cpuMainP95=na cpuRenderAvg=na cpuRenderP95=na cpuWaitAvg=na cpuWaitP95=na gpuAvg=na gpuP95=na thermal=0 thermalStart=0 thermalMax=0 buckets=16.7/16.7/16.7
M3D_PERF count=3000 maxNeighbors=48 force=1 render=0 debug=na phase=MEASURE t=40.0 frameAvg=16.72 frameP95=16.86 frameMax=18.08 long=0.003 cpuFrame=16.72 cpuMainAvg=4.47 cpuMainP95=5.80 cpuRenderAvg=0.75 cpuRenderP95=0.96 cpuWaitAvg=12.19 cpuWaitP95=15.63 gpuAvg=16.69 gpuP95=18.28 thermal=0 thermalStart=0 thermalMax=0 buckets=16.7/16.7/16.7/16.7
M3D_PERF count=3000 maxNeighbors=48 force=1 render=0 debug=na phase=MEASURE t=50.0 frameAvg=16.71 frameP95=16.85 frameMax=18.08 long=0.003 cpuFrame=16.72 cpuMainAvg=4.49 cpuMainP95=5.93 cpuRenderAvg=0.75 cpuRenderP95=1.02 cpuWaitAvg=12.18 cpuWaitP95=15.60 gpuAvg=16.68 gpuP95=18.80 thermal=0 thermalStart=0 thermalMax=0 buckets=16.7/16.7/16.7/16.7/16.7
M3D_PERF count=3000 maxNeighbors=48 force=1 render=0 debug=na phase=DONE t=60.0 frameAvg=16.71 frameP95=16.84 frameMax=18.08 long=0.002 cpuFrame=16.71 cpuMainAvg=4.50 cpuMainP95=5.94 cpuRenderAvg=0.75 cpuRenderP95=0.99 cpuWaitAvg=12.17 cpuWaitP95=15.51 gpuAvg=16.68 gpuP95=18.57 thermal=0 thermalStart=0 thermalMax=0 buckets=16.7/16.7/16.7/16.7/16.7/16.7
M3D_PERF count=3000 maxNeighbors=48 force=0 render=1 debug=na phase=WARMUP t=10.0 frameAvg=na frameP95=na frameMax=na long=na cpuFrame=na cpuMainAvg=na cpuMainP95=na cpuRenderAvg=na cpuRenderP95=na cpuWaitAvg=na cpuWaitP95=na gpuAvg=na gpuP95=na thermal=0 thermalStart=0 thermalMax=0 buckets=16.7
M3D_PERF count=3000 maxNeighbors=48 force=0 render=1 debug=na phase=WARMUP t=20.0 frameAvg=na frameP95=na frameMax=na long=na cpuFrame=na cpuMainAvg=na cpuMainP95=na cpuRenderAvg=na cpuRenderP95=na cpuWaitAvg=na cpuWaitP95=na gpuAvg=na gpuP95=na thermal=0 thermalStart=0 thermalMax=0 buckets=16.7/16.7
M3D_PERF count=3000 maxNeighbors=48 force=0 render=1 debug=na phase=MEASURE t=30.0 frameAvg=na frameP95=na frameMax=na long=na cpuFrame=na cpuMainAvg=na cpuMainP95=na cpuRenderAvg=na cpuRenderP95=na cpuWaitAvg=na cpuWaitP95=na gpuAvg=na gpuP95=na thermal=0 thermalStart=0 thermalMax=0 buckets=16.7/16.7/16.7
M3D_PERF count=3000 maxNeighbors=48 force=0 render=1 debug=na phase=MEASURE t=40.0 frameAvg=16.72 frameP95=16.84 frameMax=17.29 long=0.000 cpuFrame=16.72 cpuMainAvg=4.61 cpuMainP95=6.03 cpuRenderAvg=0.78 cpuRenderP95=1.02 cpuWaitAvg=12.06 cpuWaitP95=15.38 gpuAvg=16.69 gpuP95=18.22 thermal=0 thermalStart=0 thermalMax=0 buckets=16.7/16.7/16.7/16.7
M3D_PERF count=3000 maxNeighbors=48 force=0 render=1 debug=na phase=MEASURE t=50.0 frameAvg=16.72 frameP95=16.84 frameMax=17.29 long=0.000 cpuFrame=16.72 cpuMainAvg=4.65 cpuMainP95=6.14 cpuRenderAvg=0.79 cpuRenderP95=1.01 cpuWaitAvg=12.02 cpuWaitP95=15.43 gpuAvg=16.69 gpuP95=18.23 thermal=0 thermalStart=0 thermalMax=0 buckets=16.7/16.7/16.7/16.7/16.7
M3D_PERF count=3000 maxNeighbors=48 force=0 render=1 debug=na phase=DONE t=60.0 frameAvg=16.72 frameP95=16.84 frameMax=17.97 long=0.001 cpuFrame=16.72 cpuMainAvg=4.68 cpuMainP95=6.20 cpuRenderAvg=0.79 cpuRenderP95=1.03 cpuWaitAvg=11.99 cpuWaitP95=15.43 gpuAvg=16.69 gpuP95=18.31 thermal=0 thermalStart=0 thermalMax=0 buckets=16.7/16.7/16.7/16.7/16.7/16.7
M3D_PERF count=3000 maxNeighbors=64 force=1 render=1 debug=na phase=WARMUP t=10.0 frameAvg=na frameP95=na frameMax=na long=na cpuFrame=na cpuMainAvg=na cpuMainP95=na cpuRenderAvg=na cpuRenderP95=na cpuWaitAvg=na cpuWaitP95=na gpuAvg=na gpuP95=na thermal=0 thermalStart=0 thermalMax=0 buckets=16.7
M3D_PERF count=3000 maxNeighbors=64 force=1 render=1 debug=na phase=WARMUP t=20.0 frameAvg=na frameP95=na frameMax=na long=na cpuFrame=na cpuMainAvg=na cpuMainP95=na cpuRenderAvg=na cpuRenderP95=na cpuWaitAvg=na cpuWaitP95=na gpuAvg=na gpuP95=na thermal=0 thermalStart=0 thermalMax=0 buckets=16.7/16.7
M3D_PERF count=3000 maxNeighbors=64 force=1 render=1 debug=na phase=MEASURE t=30.0 frameAvg=na frameP95=na frameMax=na long=na cpuFrame=na cpuMainAvg=na cpuMainP95=na cpuRenderAvg=na cpuRenderP95=na cpuWaitAvg=na cpuWaitP95=na gpuAvg=na gpuP95=na thermal=0 thermalStart=0 thermalMax=0 buckets=16.7/16.7/16.7
M3D_PERF count=3000 maxNeighbors=64 force=1 render=1 debug=na phase=MEASURE t=40.0 frameAvg=16.72 frameP95=16.82 frameMax=17.91 long=0.003 cpuFrame=16.72 cpuMainAvg=4.63 cpuMainP95=5.99 cpuRenderAvg=0.91 cpuRenderP95=1.19 cpuWaitAvg=12.05 cpuWaitP95=15.39 gpuAvg=12.50 gpuP95=15.91 thermal=0 thermalStart=0 thermalMax=0 buckets=16.7/16.7/16.7/16.7
M3D_PERF count=3000 maxNeighbors=64 force=1 render=1 debug=na phase=MEASURE t=50.0 frameAvg=16.72 frameP95=16.83 frameMax=17.91 long=0.002 cpuFrame=16.72 cpuMainAvg=4.64 cpuMainP95=6.07 cpuRenderAvg=0.91 cpuRenderP95=1.19 cpuWaitAvg=12.03 cpuWaitP95=15.17 gpuAvg=12.53 gpuP95=15.93 thermal=0 thermalStart=0 thermalMax=0 buckets=16.7/16.7/16.7/16.7/16.7
M3D_PERF count=3000 maxNeighbors=64 force=1 render=1 debug=na phase=DONE t=60.0 frameAvg=16.72 frameP95=16.82 frameMax=17.91 long=0.001 cpuFrame=16.72 cpuMainAvg=4.65 cpuMainP95=6.19 cpuRenderAvg=0.91 cpuRenderP95=1.20 cpuWaitAvg=12.03 cpuWaitP95=15.23 gpuAvg=12.49 gpuP95=15.78 thermal=0 thermalStart=0 thermalMax=0 buckets=16.7/16.7/16.7/16.7/16.7/16.7
M3D_PERF count=30000 maxNeighbors=48 force=1 render=1 debug=na phase=WARMUP t=10.0 frameAvg=na frameP95=na frameMax=na long=na cpuFrame=na cpuMainAvg=na cpuMainP95=na cpuRenderAvg=na cpuRenderP95=na cpuWaitAvg=na cpuWaitP95=na gpuAvg=na gpuP95=na thermal=0 thermalStart=0 thermalMax=0 buckets=24.1
M3D_PERF count=30000 maxNeighbors=48 force=1 render=1 debug=na phase=WARMUP t=20.0 frameAvg=na frameP95=na frameMax=na long=na cpuFrame=na cpuMainAvg=na cpuMainP95=na cpuRenderAvg=na cpuRenderP95=na cpuWaitAvg=na cpuWaitP95=na gpuAvg=na gpuP95=na thermal=0 thermalStart=0 thermalMax=0 buckets=24.1/16.7
M3D_PERF count=30000 maxNeighbors=48 force=1 render=1 debug=na phase=MEASURE t=30.0 frameAvg=na frameP95=na frameMax=na long=na cpuFrame=na cpuMainAvg=na cpuMainP95=na cpuRenderAvg=na cpuRenderP95=na cpuWaitAvg=na cpuWaitP95=na gpuAvg=na gpuP95=na thermal=0 thermalStart=0 thermalMax=0 buckets=24.1/16.7/16.7
M3D_PERF count=30000 maxNeighbors=48 force=1 render=1 debug=na phase=MEASURE t=40.0 frameAvg=16.72 frameP95=16.81 frameMax=17.39 long=0.000 cpuFrame=16.72 cpuMainAvg=4.25 cpuMainP95=5.75 cpuRenderAvg=0.81 cpuRenderP95=1.24 cpuWaitAvg=12.44 cpuWaitP95=14.50 gpuAvg=16.41 gpuP95=20.63 thermal=0 thermalStart=0 thermalMax=0 buckets=24.1/16.7/16.7/16.7
M3D_PERF count=30000 maxNeighbors=48 force=1 render=1 debug=na phase=MEASURE t=50.0 frameAvg=16.72 frameP95=16.81 frameMax=17.39 long=0.000 cpuFrame=16.72 cpuMainAvg=4.43 cpuMainP95=5.98 cpuRenderAvg=0.83 cpuRenderP95=1.27 cpuWaitAvg=12.26 cpuWaitP95=14.65 gpuAvg=16.42 gpuP95=21.12 thermal=0 thermalStart=0 thermalMax=0 buckets=24.1/16.7/16.7/16.7/16.7
M3D_PERF count=30000 maxNeighbors=48 force=1 render=1 debug=na phase=MEASURE t=60.0 frameAvg=16.72 frameP95=16.81 frameMax=17.39 long=0.000 cpuFrame=16.72 cpuMainAvg=4.55 cpuMainP95=6.17 cpuRenderAvg=0.85 cpuRenderP95=1.29 cpuWaitAvg=12.13 cpuWaitP95=14.65 gpuAvg=16.48 gpuP95=20.89 thermal=0 thermalStart=0 thermalMax=0 buckets=24.1/16.7/16.7/16.7/16.7/16.7
M3D_PERF count=30000 maxNeighbors=48 force=1 render=1 debug=na phase=DONE t=60.0 frameAvg=16.72 frameP95=16.81 frameMax=17.39 long=0.000 cpuFrame=16.72 cpuMainAvg=4.55 cpuMainP95=6.17 cpuRenderAvg=0.85 cpuRenderP95=1.29 cpuWaitAvg=12.13 cpuWaitP95=14.65 gpuAvg=16.48 gpuP95=20.89 thermal=0 thermalStart=0 thermalMax=0 buckets=24.1/16.7/16.7/16.7/16.7/16.7/16.7
M3D_PERF count=30000 maxNeighbors=64 force=1 render=1 debug=na phase=WARMUP t=10.0 frameAvg=na frameP95=na frameMax=na long=na cpuFrame=na cpuMainAvg=na cpuMainP95=na cpuRenderAvg=na cpuRenderP95=na cpuWaitAvg=na cpuWaitP95=na gpuAvg=na gpuP95=na thermal=0 thermalStart=0 thermalMax=0 buckets=16.8
M3D_PERF count=30000 maxNeighbors=64 force=1 render=1 debug=na phase=WARMUP t=20.0 frameAvg=na frameP95=na frameMax=na long=na cpuFrame=na cpuMainAvg=na cpuMainP95=na cpuRenderAvg=na cpuRenderP95=na cpuWaitAvg=na cpuWaitP95=na gpuAvg=na gpuP95=na thermal=0 thermalStart=0 thermalMax=0 buckets=16.8/16.7
M3D_PERF count=30000 maxNeighbors=64 force=1 render=1 debug=na phase=MEASURE t=30.0 frameAvg=na frameP95=na frameMax=na long=na cpuFrame=na cpuMainAvg=na cpuMainP95=na cpuRenderAvg=na cpuRenderP95=na cpuWaitAvg=na cpuWaitP95=na gpuAvg=na gpuP95=na thermal=0 thermalStart=0 thermalMax=0 buckets=16.8/16.7/16.7
M3D_PERF count=30000 maxNeighbors=64 force=1 render=1 debug=na phase=MEASURE t=40.0 frameAvg=16.72 frameP95=16.79 frameMax=17.32 long=0.000 cpuFrame=16.72 cpuMainAvg=4.50 cpuMainP95=6.30 cpuRenderAvg=0.79 cpuRenderP95=1.17 cpuWaitAvg=12.19 cpuWaitP95=13.95 gpuAvg=16.35 gpuP95=20.93 thermal=0 thermalStart=0 thermalMax=0 buckets=16.8/16.7/16.7/16.7
M3D_PERF count=30000 maxNeighbors=64 force=1 render=1 debug=na phase=MEASURE t=50.0 frameAvg=16.72 frameP95=16.80 frameMax=17.32 long=0.000 cpuFrame=16.72 cpuMainAvg=4.45 cpuMainP95=6.16 cpuRenderAvg=0.80 cpuRenderP95=1.16 cpuWaitAvg=12.24 cpuWaitP95=14.57 gpuAvg=15.89 gpuP95=21.88 thermal=0 thermalStart=0 thermalMax=0 buckets=16.8/16.7/16.7/16.7/16.7
M3D_PERF count=30000 maxNeighbors=64 force=1 render=1 debug=na phase=DONE t=60.0 frameAvg=16.73 frameP95=16.81 frameMax=33.43 long=0.001 cpuFrame=16.73 cpuMainAvg=4.44 cpuMainP95=6.16 cpuRenderAvg=0.81 cpuRenderP95=1.16 cpuWaitAvg=12.26 cpuWaitP95=14.55 gpuAvg=15.81 gpuP95=22.31 thermal=0 thermalStart=0 thermalMax=0 buckets=16.8/16.7/16.7/16.7/16.7/16.8
M3D_PERF count=30000 maxNeighbors=48 force=1 render=0 debug=na phase=WARMUP t=10.0 frameAvg=na frameP95=na frameMax=na long=na cpuFrame=na cpuMainAvg=na cpuMainP95=na cpuRenderAvg=na cpuRenderP95=na cpuWaitAvg=na cpuWaitP95=na gpuAvg=na gpuP95=na thermal=0 thermalStart=0 thermalMax=0 buckets=16.7
M3D_PERF count=30000 maxNeighbors=48 force=1 render=0 debug=na phase=WARMUP t=20.0 frameAvg=na frameP95=na frameMax=na long=na cpuFrame=na cpuMainAvg=na cpuMainP95=na cpuRenderAvg=na cpuRenderP95=na cpuWaitAvg=na cpuWaitP95=na gpuAvg=na gpuP95=na thermal=0 thermalStart=0 thermalMax=0 buckets=16.7/16.7
M3D_PERF count=30000 maxNeighbors=48 force=1 render=0 debug=na phase=MEASURE t=30.0 frameAvg=na frameP95=na frameMax=na long=na cpuFrame=na cpuMainAvg=na cpuMainP95=na cpuRenderAvg=na cpuRenderP95=na cpuWaitAvg=na cpuWaitP95=na gpuAvg=na gpuP95=na thermal=0 thermalStart=0 thermalMax=0 buckets=16.7/16.7/16.7
M3D_PERF count=30000 maxNeighbors=48 force=1 render=0 debug=na phase=MEASURE t=40.0 frameAvg=16.74 frameP95=16.83 frameMax=33.45 long=0.002 cpuFrame=16.74 cpuMainAvg=4.59 cpuMainP95=5.84 cpuRenderAvg=0.87 cpuRenderP95=1.15 cpuWaitAvg=12.10 cpuWaitP95=16.32 gpuAvg=13.86 gpuP95=20.99 thermal=0 thermalStart=0 thermalMax=0 buckets=16.7/16.7/16.7/16.7
M3D_PERF count=30000 maxNeighbors=48 force=1 render=0 debug=na phase=MEASURE t=50.0 frameAvg=16.73 frameP95=16.83 frameMax=33.45 long=0.001 cpuFrame=16.73 cpuMainAvg=4.59 cpuMainP95=6.04 cpuRenderAvg=0.82 cpuRenderP95=1.11 cpuWaitAvg=12.07 cpuWaitP95=15.52 gpuAvg=13.88 gpuP95=23.19 thermal=0 thermalStart=0 thermalMax=0 buckets=16.7/16.7/16.7/16.7/16.7
M3D_PERF count=30000 maxNeighbors=48 force=1 render=0 debug=na phase=DONE t=60.0 frameAvg=16.72 frameP95=16.83 frameMax=33.45 long=0.001 cpuFrame=16.73 cpuMainAvg=4.59 cpuMainP95=6.18 cpuRenderAvg=0.80 cpuRenderP95=1.10 cpuWaitAvg=12.05 cpuWaitP95=15.35 gpuAvg=13.85 gpuP95=24.50 thermal=0 thermalStart=0 thermalMax=0 buckets=16.7/16.7/16.7/16.7/16.7/16.7
M3D_PERF count=100000 maxNeighbors=48 force=1 render=1 debug=na phase=WARMUP t=10.0 frameAvg=na frameP95=na frameMax=na long=na cpuFrame=na cpuMainAvg=na cpuMainP95=na cpuRenderAvg=na cpuRenderP95=na cpuWaitAvg=na cpuWaitP95=na gpuAvg=na gpuP95=na thermal=0 thermalStart=0 thermalMax=0 buckets=27.8
M3D_PERF count=100000 maxNeighbors=48 force=1 render=1 debug=na phase=WARMUP t=20.0 frameAvg=na frameP95=na frameMax=na long=na cpuFrame=na cpuMainAvg=na cpuMainP95=na cpuRenderAvg=na cpuRenderP95=na cpuWaitAvg=na cpuWaitP95=na gpuAvg=na gpuP95=na thermal=0 thermalStart=0 thermalMax=0 buckets=27.8/20.2
M3D_PERF count=100000 maxNeighbors=48 force=1 render=1 debug=na phase=MEASURE t=30.0 frameAvg=na frameP95=na frameMax=na long=na cpuFrame=na cpuMainAvg=na cpuMainP95=na cpuRenderAvg=na cpuRenderP95=na cpuWaitAvg=na cpuWaitP95=na gpuAvg=na gpuP95=na thermal=0 thermalStart=0 thermalMax=0 buckets=27.8/20.2/20.3
M3D_PERF count=100000 maxNeighbors=48 force=1 render=1 debug=na phase=MEASURE t=40.0 frameAvg=20.27 frameP95=33.45 frameMax=33.52 long=0.213 cpuFrame=20.28 cpuMainAvg=4.42 cpuMainP95=5.95 cpuRenderAvg=0.83 cpuRenderP95=1.11 cpuWaitAvg=15.84 cpuWaitP95=18.27 gpuAvg=20.23 gpuP95=21.88 thermal=0 thermalStart=0 thermalMax=0 buckets=27.8/20.2/20.3/20.3
M3D_PERF count=100000 maxNeighbors=48 force=1 render=1 debug=na phase=MEASURE t=50.0 frameAvg=20.29 frameP95=33.45 frameMax=33.52 long=0.214 cpuFrame=20.31 cpuMainAvg=4.49 cpuMainP95=5.99 cpuRenderAvg=0.84 cpuRenderP95=1.16 cpuWaitAvg=15.80 cpuWaitP95=18.27 gpuAvg=20.27 gpuP95=21.92 thermal=0 thermalStart=0 thermalMax=0 buckets=27.8/20.2/20.3/20.3/20.3
M3D_PERF count=100000 maxNeighbors=48 force=1 render=1 debug=na phase=DONE t=60.0 frameAvg=20.30 frameP95=33.45 frameMax=50.16 long=0.214 cpuFrame=20.31 cpuMainAvg=4.57 cpuMainP95=6.14 cpuRenderAvg=0.83 cpuRenderP95=1.15 cpuWaitAvg=15.71 cpuWaitP95=18.07 gpuAvg=20.28 gpuP95=21.86 thermal=0 thermalStart=0 thermalMax=0 buckets=27.8/20.2/20.3/20.3/20.3/20.3
M3D_PERF count=100000 maxNeighbors=48 force=1 render=1 debug=na phase=DONE t=70.0 frameAvg=20.30 frameP95=33.45 frameMax=50.16 long=0.214 cpuFrame=20.31 cpuMainAvg=4.57 cpuMainP95=6.14 cpuRenderAvg=0.83 cpuRenderP95=1.15 cpuWaitAvg=15.71 cpuWaitP95=18.07 gpuAvg=20.28 gpuP95=21.86 thermal=0 thermalStart=0 thermalMax=0 buckets=27.8/20.2/20.3/20.3/20.3/20.3/20.4
M3D_PERF count=100000 maxNeighbors=48 force=1 render=1 debug=na phase=DONE t=80.0 frameAvg=20.30 frameP95=33.45 frameMax=50.16 long=0.214 cpuFrame=20.31 cpuMainAvg=4.57 cpuMainP95=6.14 cpuRenderAvg=0.83 cpuRenderP95=1.15 cpuWaitAvg=15.71 cpuWaitP95=18.07 gpuAvg=20.28 gpuP95=21.86 thermal=0 thermalStart=0 thermalMax=0 buckets=27.8/20.2/20.3/20.3/20.3/20.3/20.4/20.3
M3D_PERF count=100000 maxNeighbors=48 force=0 render=1 debug=na phase=WARMUP t=10.0 frameAvg=na frameP95=na frameMax=na long=na cpuFrame=na cpuMainAvg=na cpuMainP95=na cpuRenderAvg=na cpuRenderP95=na cpuWaitAvg=na cpuWaitP95=na gpuAvg=na gpuP95=na thermal=0 thermalStart=0 thermalMax=0 buckets=16.8
M3D_PERF count=100000 maxNeighbors=48 force=0 render=1 debug=na phase=WARMUP t=20.0 frameAvg=na frameP95=na frameMax=na long=na cpuFrame=na cpuMainAvg=na cpuMainP95=na cpuRenderAvg=na cpuRenderP95=na cpuWaitAvg=na cpuWaitP95=na gpuAvg=na gpuP95=na thermal=0 thermalStart=0 thermalMax=0 buckets=16.8/16.7
M3D_PERF count=100000 maxNeighbors=48 force=0 render=1 debug=na phase=MEASURE t=30.0 frameAvg=na frameP95=na frameMax=na long=na cpuFrame=na cpuMainAvg=na cpuMainP95=na cpuRenderAvg=na cpuRenderP95=na cpuWaitAvg=na cpuWaitP95=na gpuAvg=na gpuP95=na thermal=0 thermalStart=0 thermalMax=0 buckets=16.8/16.7/16.7
M3D_PERF count=100000 maxNeighbors=48 force=0 render=1 debug=na phase=MEASURE t=40.0 frameAvg=16.72 frameP95=16.82 frameMax=17.03 long=0.000 cpuFrame=16.72 cpuMainAvg=4.13 cpuMainP95=5.52 cpuRenderAvg=0.72 cpuRenderP95=1.01 cpuWaitAvg=12.51 cpuWaitP95=14.82 gpuAvg=16.45 gpuP95=21.53 thermal=0 thermalStart=0 thermalMax=0 buckets=16.8/16.7/16.7/16.7
M3D_PERF count=100000 maxNeighbors=48 force=0 render=1 debug=na phase=MEASURE t=50.0 frameAvg=16.72 frameP95=16.80 frameMax=17.03 long=0.000 cpuFrame=16.72 cpuMainAvg=4.13 cpuMainP95=5.56 cpuRenderAvg=0.72 cpuRenderP95=0.99 cpuWaitAvg=12.50 cpuWaitP95=14.92 gpuAvg=16.47 gpuP95=21.27 thermal=0 thermalStart=0 thermalMax=0 buckets=16.8/16.7/16.7/16.7/16.7
M3D_PERF count=100000 maxNeighbors=48 force=0 render=1 debug=na phase=DONE t=60.0 frameAvg=16.72 frameP95=16.80 frameMax=17.03 long=0.000 cpuFrame=16.72 cpuMainAvg=4.14 cpuMainP95=5.63 cpuRenderAvg=0.72 cpuRenderP95=0.99 cpuWaitAvg=12.49 cpuWaitP95=14.95 gpuAvg=16.45 gpuP95=21.36 thermal=0 thermalStart=0 thermalMax=0 buckets=16.8/16.7/16.7/16.7/16.7/16.7
M3D_PERF count=100000 maxNeighbors=48 force=1 render=0 debug=na phase=WARMUP t=10.0 frameAvg=na frameP95=na frameMax=na long=na cpuFrame=na cpuMainAvg=na cpuMainP95=na cpuRenderAvg=na cpuRenderP95=na cpuWaitAvg=na cpuWaitP95=na gpuAvg=na gpuP95=na thermal=0 thermalStart=0 thermalMax=0 buckets=16.9
M3D_PERF count=100000 maxNeighbors=48 force=1 render=0 debug=na phase=WARMUP t=20.0 frameAvg=na frameP95=na frameMax=na long=na cpuFrame=na cpuMainAvg=na cpuMainP95=na cpuRenderAvg=na cpuRenderP95=na cpuWaitAvg=na cpuWaitP95=na gpuAvg=na gpuP95=na thermal=0 thermalStart=0 thermalMax=0 buckets=16.9/17.1
M3D_PERF count=100000 maxNeighbors=48 force=1 render=0 debug=na phase=MEASURE t=30.0 frameAvg=na frameP95=na frameMax=na long=na cpuFrame=na cpuMainAvg=na cpuMainP95=na cpuRenderAvg=na cpuRenderP95=na cpuWaitAvg=na cpuWaitP95=na gpuAvg=na gpuP95=na thermal=0 thermalStart=0 thermalMax=0 buckets=16.9/17.1/17.3
M3D_PERF count=100000 maxNeighbors=48 force=1 render=0 debug=na phase=MEASURE t=40.0 frameAvg=17.38 frameP95=16.78 frameMax=33.45 long=0.040 cpuFrame=17.40 cpuMainAvg=3.69 cpuMainP95=5.06 cpuRenderAvg=0.72 cpuRenderP95=1.07 cpuWaitAvg=13.69 cpuWaitP95=16.44 gpuAvg=17.39 gpuP95=19.37 thermal=0 thermalStart=0 thermalMax=0 buckets=16.9/17.1/17.3/17.4
M3D_PERF count=100000 maxNeighbors=48 force=1 render=0 debug=na phase=MEASURE t=50.0 frameAvg=17.46 frameP95=16.78 frameMax=33.47 long=0.045 cpuFrame=17.47 cpuMainAvg=3.71 cpuMainP95=4.94 cpuRenderAvg=0.73 cpuRenderP95=1.06 cpuWaitAvg=13.74 cpuWaitP95=16.11 gpuAvg=17.46 gpuP95=19.38 thermal=0 thermalStart=0 thermalMax=0 buckets=16.9/17.1/17.3/17.4/17.5
M3D_PERF count=100000 maxNeighbors=48 force=1 render=0 debug=na phase=DONE t=60.0 frameAvg=17.52 frameP95=16.92 frameMax=33.48 long=0.048 cpuFrame=17.51 cpuMainAvg=3.71 cpuMainP95=4.87 cpuRenderAvg=0.73 cpuRenderP95=1.05 cpuWaitAvg=13.79 cpuWaitP95=16.09 gpuAvg=17.51 gpuP95=19.36 thermal=0 thermalStart=0 thermalMax=0 buckets=16.9/17.1/17.3/17.4/17.5/17.6
M3D_PERF count=100000 maxNeighbors=48 force=1 render=0 debug=na phase=DONE t=70.0 frameAvg=17.52 frameP95=16.92 frameMax=33.48 long=0.048 cpuFrame=17.51 cpuMainAvg=3.71 cpuMainP95=4.87 cpuRenderAvg=0.73 cpuRenderP95=1.05 cpuWaitAvg=13.79 cpuWaitP95=16.09 gpuAvg=17.51 gpuP95=19.36 thermal=0 thermalStart=0 thermalMax=0 buckets=16.9/17.1/17.3/17.4/17.5/17.6/17.8
M3D_PERF count=100000 maxNeighbors=64 force=1 render=1 debug=na phase=WARMUP t=10.0 frameAvg=na frameP95=na frameMax=na long=na cpuFrame=na cpuMainAvg=na cpuMainP95=na cpuRenderAvg=na cpuRenderP95=na cpuWaitAvg=na cpuWaitP95=na gpuAvg=na gpuP95=na thermal=0 thermalStart=0 thermalMax=0 buckets=23.7
M3D_PERF count=100000 maxNeighbors=64 force=1 render=1 debug=na phase=WARMUP t=20.0 frameAvg=na frameP95=na frameMax=na long=na cpuFrame=na cpuMainAvg=na cpuMainP95=na cpuRenderAvg=na cpuRenderP95=na cpuWaitAvg=na cpuWaitP95=na gpuAvg=na gpuP95=na thermal=0 thermalStart=0 thermalMax=0 buckets=23.7/24.7
M3D_PERF count=100000 maxNeighbors=64 force=1 render=1 debug=na phase=MEASURE t=30.0 frameAvg=na frameP95=na frameMax=na long=na cpuFrame=na cpuMainAvg=na cpuMainP95=na cpuRenderAvg=na cpuRenderP95=na cpuWaitAvg=na cpuWaitP95=na gpuAvg=na gpuP95=na thermal=0 thermalStart=0 thermalMax=0 buckets=23.7/24.7/24.7
M3D_PERF count=100000 maxNeighbors=64 force=1 render=1 debug=na phase=MEASURE t=40.0 frameAvg=24.88 frameP95=33.46 frameMax=33.51 long=0.489 cpuFrame=24.86 cpuMainAvg=4.28 cpuMainP95=5.41 cpuRenderAvg=0.87 cpuRenderP95=1.11 cpuWaitAvg=20.56 cpuWaitP95=22.31 gpuAvg=24.85 gpuP95=26.08 thermal=0 thermalStart=0 thermalMax=0 buckets=23.7/24.7/24.7/24.9
M3D_PERF count=100000 maxNeighbors=64 force=1 render=1 debug=na phase=MEASURE t=50.0 frameAvg=24.88 frameP95=33.46 frameMax=50.17 long=0.486 cpuFrame=24.88 cpuMainAvg=4.29 cpuMainP95=5.44 cpuRenderAvg=0.86 cpuRenderP95=1.12 cpuWaitAvg=20.57 cpuWaitP95=22.35 gpuAvg=24.87 gpuP95=26.00 thermal=0 thermalStart=0 thermalMax=0 buckets=23.7/24.7/24.7/24.9/24.9
M3D_PERF count=100000 maxNeighbors=64 force=1 render=1 debug=na phase=DONE t=60.0 frameAvg=24.85 frameP95=33.46 frameMax=50.17 long=0.483 cpuFrame=24.84 cpuMainAvg=4.30 cpuMainP95=5.53 cpuRenderAvg=0.86 cpuRenderP95=1.10 cpuWaitAvg=20.53 cpuWaitP95=22.23 gpuAvg=24.84 gpuP95=25.96 thermal=0 thermalStart=0 thermalMax=0 buckets=23.7/24.7/24.7/24.9/24.9/24.8
M3D_PERF count=100000 maxNeighbors=64 force=1 render=1 debug=na phase=DONE t=70.0 frameAvg=24.85 frameP95=33.46 frameMax=50.17 long=0.483 cpuFrame=24.84 cpuMainAvg=4.30 cpuMainP95=5.53 cpuRenderAvg=0.86 cpuRenderP95=1.10 cpuWaitAvg=20.53 cpuWaitP95=22.23 gpuAvg=24.84 gpuP95=25.96 thermal=0 thermalStart=0 thermalMax=0 buckets=23.7/24.7/24.7/24.9/24.9/24.8/24.8
M3D_PERF count=100000 maxNeighbors=48 force=1 render=1 debug=na phase=WARMUP t=10.0 frameAvg=na frameP95=na frameMax=na long=na cpuFrame=na cpuMainAvg=na cpuMainP95=na cpuRenderAvg=na cpuRenderP95=na cpuWaitAvg=na cpuWaitP95=na gpuAvg=na gpuP95=na thermal=0 thermalStart=0 thermalMax=0 buckets=19.7
M3D_PERF count=100000 maxNeighbors=48 force=1 render=1 debug=na phase=WARMUP t=20.0 frameAvg=na frameP95=na frameMax=na long=na cpuFrame=na cpuMainAvg=na cpuMainP95=na cpuRenderAvg=na cpuRenderP95=na cpuWaitAvg=na cpuWaitP95=na gpuAvg=na gpuP95=na thermal=0 thermalStart=0 thermalMax=0 buckets=19.7/19.9
M3D_PERF count=100000 maxNeighbors=48 force=1 render=1 debug=na phase=MEASURE t=30.0 frameAvg=na frameP95=na frameMax=na long=na cpuFrame=na cpuMainAvg=na cpuMainP95=na cpuRenderAvg=na cpuRenderP95=na cpuWaitAvg=na cpuWaitP95=na gpuAvg=na gpuP95=na thermal=0 thermalStart=0 thermalMax=0 buckets=19.7/19.9/20.0
M3D_PERF count=100000 maxNeighbors=48 force=1 render=1 debug=na phase=MEASURE t=40.0 frameAvg=20.06 frameP95=33.45 frameMax=33.50 long=0.200 cpuFrame=20.08 cpuMainAvg=4.00 cpuMainP95=5.10 cpuRenderAvg=0.76 cpuRenderP95=1.06 cpuWaitAvg=16.06 cpuWaitP95=17.87 gpuAvg=20.07 gpuP95=21.30 thermal=0 thermalStart=0 thermalMax=0 buckets=19.7/19.9/20.0/20.1
M3D_PERF count=100000 maxNeighbors=48 force=1 render=1 debug=na phase=MEASURE t=50.0 frameAvg=20.09 frameP95=33.44 frameMax=33.50 long=0.202 cpuFrame=20.10 cpuMainAvg=4.04 cpuMainP95=5.28 cpuRenderAvg=0.77 cpuRenderP95=1.07 cpuWaitAvg=16.04 cpuWaitP95=17.85 gpuAvg=20.09 gpuP95=21.27 thermal=0 thermalStart=0 thermalMax=0 buckets=19.7/19.9/20.0/20.1/20.1
M3D_PERF count=100000 maxNeighbors=48 force=1 render=1 debug=na phase=DONE t=60.0 frameAvg=20.04 frameP95=33.44 frameMax=33.69 long=0.199 cpuFrame=20.04 cpuMainAvg=4.07 cpuMainP95=5.38 cpuRenderAvg=0.77 cpuRenderP95=1.07 cpuWaitAvg=15.96 cpuWaitP95=17.81 gpuAvg=20.03 gpuP95=21.21 thermal=0 thermalStart=0 thermalMax=0 buckets=19.7/19.9/20.0/20.1/20.1/20.0
M3D_PERF count=100000 maxNeighbors=48 force=1 render=1 debug=na phase=DONE t=70.0 frameAvg=20.04 frameP95=33.44 frameMax=33.69 long=0.199 cpuFrame=20.04 cpuMainAvg=4.07 cpuMainP95=5.38 cpuRenderAvg=0.77 cpuRenderP95=1.07 cpuWaitAvg=15.96 cpuWaitP95=17.81 gpuAvg=20.03 gpuP95=21.21 thermal=0 thermalStart=0 thermalMax=0 buckets=19.7/19.9/20.0/20.1/20.1/20.0/20.2
M3D_PERF count=100000 maxNeighbors=48 force=1 render=1 debug=na phase=DONE t=80.0 frameAvg=20.04 frameP95=33.44 frameMax=33.69 long=0.199 cpuFrame=20.04 cpuMainAvg=4.07 cpuMainP95=5.38 cpuRenderAvg=0.77 cpuRenderP95=1.07 cpuWaitAvg=15.96 cpuWaitP95=17.81 gpuAvg=20.03 gpuP95=21.21 thermal=0 thermalStart=0 thermalMax=0 buckets=19.7/19.9/20.0/20.1/20.1/20.0/20.2/20.2
M3D_PERF count=100000 maxNeighbors=48 force=1 render=1 debug=na phase=DONE t=90.0 frameAvg=20.04 frameP95=33.44 frameMax=33.69 long=0.199 cpuFrame=20.04 cpuMainAvg=4.07 cpuMainP95=5.38 cpuRenderAvg=0.77 cpuRenderP95=1.07 cpuWaitAvg=15.96 cpuWaitP95=17.81 gpuAvg=20.03 gpuP95=21.21 thermal=0 thermalStart=0 thermalMax=0 buckets=19.7/19.9/20.0/20.1/20.1/20.0/20.2/20.2/20.3
M3D_PERF count=100000 maxNeighbors=48 force=1 render=1 debug=na phase=DONE t=100.0 frameAvg=20.04 frameP95=33.44 frameMax=33.69 long=0.199 cpuFrame=20.04 cpuMainAvg=4.07 cpuMainP95=5.38 cpuRenderAvg=0.77 cpuRenderP95=1.07 cpuWaitAvg=15.96 cpuWaitP95=17.81 gpuAvg=20.03 gpuP95=21.21 thermal=0 thermalStart=0 thermalMax=0 buckets=19.7/19.9/20.0/20.1/20.1/20.0/20.2/20.2/20.3/20.4
M3D_PERF count=100000 maxNeighbors=48 force=1 render=1 debug=na phase=DONE t=110.0 frameAvg=20.04 frameP95=33.44 frameMax=33.69 long=0.199 cpuFrame=20.04 cpuMainAvg=4.07 cpuMainP95=5.38 cpuRenderAvg=0.77 cpuRenderP95=1.07 cpuWaitAvg=15.96 cpuWaitP95=17.81 gpuAvg=20.03 gpuP95=21.21 thermal=0 thermalStart=0 thermalMax=0 buckets=19.7/19.9/20.0/20.1/20.1/20.0/20.2/20.2/20.3/20.4/20.4
M3D_PERF count=100000 maxNeighbors=48 force=1 render=1 debug=na phase=DONE t=120.0 frameAvg=20.04 frameP95=33.44 frameMax=33.69 long=0.199 cpuFrame=20.04 cpuMainAvg=4.07 cpuMainP95=5.38 cpuRenderAvg=0.77 cpuRenderP95=1.07 cpuWaitAvg=15.96 cpuWaitP95=17.81 gpuAvg=20.03 gpuP95=21.21 thermal=0 thermalStart=0 thermalMax=0 buckets=19.7/19.9/20.0/20.1/20.1/20.0/20.2/20.2/20.3/20.4/20.4/20.2
M3D_PERF count=100000 maxNeighbors=48 force=1 render=1 debug=na phase=DONE t=130.0 frameAvg=20.04 frameP95=33.44 frameMax=33.69 long=0.199 cpuFrame=20.04 cpuMainAvg=4.07 cpuMainP95=5.38 cpuRenderAvg=0.77 cpuRenderP95=1.07 cpuWaitAvg=15.96 cpuWaitP95=17.81 gpuAvg=20.03 gpuP95=21.21 thermal=0 thermalStart=0 thermalMax=0 buckets=19.7/19.9/20.0/20.1/20.1/20.0/20.2/20.2/20.3/20.4/20.4/20.2/20.3
M3D_PERF count=100000 maxNeighbors=48 force=1 render=1 debug=na phase=DONE t=140.0 frameAvg=20.04 frameP95=33.44 frameMax=33.69 long=0.199 cpuFrame=20.04 cpuMainAvg=4.07 cpuMainP95=5.38 cpuRenderAvg=0.77 cpuRenderP95=1.07 cpuWaitAvg=15.96 cpuWaitP95=17.81 gpuAvg=20.03 gpuP95=21.21 thermal=0 thermalStart=0 thermalMax=0 buckets=19.7/19.9/20.0/20.1/20.1/20.0/20.2/20.2/20.3/20.4/20.4/20.2/20.3/20.3
M3D_PERF count=100000 maxNeighbors=48 force=1 render=1 debug=na phase=DONE t=150.0 frameAvg=20.04 frameP95=33.44 frameMax=33.69 long=0.199 cpuFrame=20.04 cpuMainAvg=4.07 cpuMainP95=5.38 cpuRenderAvg=0.77 cpuRenderP95=1.07 cpuWaitAvg=15.96 cpuWaitP95=17.81 gpuAvg=20.03 gpuP95=21.21 thermal=0 thermalStart=0 thermalMax=0 buckets=19.7/19.9/20.0/20.1/20.1/20.0/20.2/20.2/20.3/20.4/20.4/20.2/20.3/20.3/20.5
M3D_PERF count=100000 maxNeighbors=48 force=1 render=1 debug=na phase=DONE t=160.0 frameAvg=20.04 frameP95=33.44 frameMax=33.69 long=0.199 cpuFrame=20.04 cpuMainAvg=4.07 cpuMainP95=5.38 cpuRenderAvg=0.77 cpuRenderP95=1.07 cpuWaitAvg=15.96 cpuWaitP95=17.81 gpuAvg=20.03 gpuP95=21.21 thermal=0 thermalStart=0 thermalMax=0 buckets=19.7/19.9/20.0/20.1/20.1/20.0/20.2/20.2/20.3/20.4/20.4/20.2/20.3/20.3/20.5/20.4
M3D_PERF count=100000 maxNeighbors=48 force=1 render=1 debug=na phase=DONE t=170.0 frameAvg=20.04 frameP95=33.44 frameMax=33.69 long=0.199 cpuFrame=20.04 cpuMainAvg=4.07 cpuMainP95=5.38 cpuRenderAvg=0.77 cpuRenderP95=1.07 cpuWaitAvg=15.96 cpuWaitP95=17.81 gpuAvg=20.03 gpuP95=21.21 thermal=0 thermalStart=0 thermalMax=0 buckets=19.7/19.9/20.0/20.1/20.1/20.0/20.2/20.2/20.3/20.4/20.4/20.2/20.3/20.3/20.5/20.4/20.4
M3D_PERF count=100000 maxNeighbors=48 force=1 render=1 debug=na phase=DONE t=180.0 frameAvg=20.04 frameP95=33.44 frameMax=33.69 long=0.199 cpuFrame=20.04 cpuMainAvg=4.07 cpuMainP95=5.38 cpuRenderAvg=0.77 cpuRenderP95=1.07 cpuWaitAvg=15.96 cpuWaitP95=17.81 gpuAvg=20.03 gpuP95=21.21 thermal=0 thermalStart=0 thermalMax=0 buckets=19.7/19.9/20.0/20.1/20.1/20.0/20.2/20.2/20.3/20.4/20.4/20.2/20.3/20.3/20.5/20.4/20.4/20.2
M3D_PERF count=100000 maxNeighbors=48 force=1 render=1 debug=na phase=DONE t=190.0 frameAvg=20.04 frameP95=33.44 frameMax=33.69 long=0.199 cpuFrame=20.04 cpuMainAvg=4.07 cpuMainP95=5.38 cpuRenderAvg=0.77 cpuRenderP95=1.07 cpuWaitAvg=15.96 cpuWaitP95=17.81 gpuAvg=20.03 gpuP95=21.21 thermal=0 thermalStart=0 thermalMax=0 buckets=19.7/19.9/20.0/20.1/20.1/20.0/20.2/20.2/20.3/20.4/20.4/20.2/20.3/20.3/20.5/20.4/20.4/20.2/20.0
M3D_PERF count=100000 maxNeighbors=48 force=1 render=1 debug=na phase=DONE t=200.0 frameAvg=20.04 frameP95=33.44 frameMax=33.69 long=0.199 cpuFrame=20.04 cpuMainAvg=4.07 cpuMainP95=5.38 cpuRenderAvg=0.77 cpuRenderP95=1.07 cpuWaitAvg=15.96 cpuWaitP95=17.81 gpuAvg=20.03 gpuP95=21.21 thermal=0 thermalStart=0 thermalMax=0 buckets=19.7/19.9/20.0/20.1/20.1/20.0/20.2/20.2/20.3/20.4/20.4/20.2/20.3/20.3/20.5/20.4/20.4/20.2/20.0/20.0
M3D_PERF count=100000 maxNeighbors=48 force=1 render=1 debug=na phase=DONE t=210.0 frameAvg=20.04 frameP95=33.44 frameMax=33.69 long=0.199 cpuFrame=20.04 cpuMainAvg=4.07 cpuMainP95=5.38 cpuRenderAvg=0.77 cpuRenderP95=1.07 cpuWaitAvg=15.96 cpuWaitP95=17.81 gpuAvg=20.03 gpuP95=21.21 thermal=0 thermalStart=0 thermalMax=0 buckets=19.7/19.9/20.0/20.1/20.1/20.0/20.2/20.2/20.3/20.4/20.4/20.2/20.3/20.3/20.5/20.4/20.4/20.2/20.0/20.0/20.1
M3D_PERF count=100000 maxNeighbors=48 force=1 render=1 debug=na phase=DONE t=220.0 frameAvg=20.04 frameP95=33.44 frameMax=33.69 long=0.199 cpuFrame=20.04 cpuMainAvg=4.07 cpuMainP95=5.38 cpuRenderAvg=0.77 cpuRenderP95=1.07 cpuWaitAvg=15.96 cpuWaitP95=17.81 gpuAvg=20.03 gpuP95=21.21 thermal=0 thermalStart=0 thermalMax=0 buckets=19.7/19.9/20.0/20.1/20.1/20.0/20.2/20.2/20.3/20.4/20.4/20.2/20.3/20.3/20.5/20.4/20.4/20.2/20.0/20.0/20.1/20.3
M3D_PERF count=100000 maxNeighbors=48 force=1 render=1 debug=na phase=DONE t=230.0 frameAvg=20.04 frameP95=33.44 frameMax=33.69 long=0.199 cpuFrame=20.04 cpuMainAvg=4.07 cpuMainP95=5.38 cpuRenderAvg=0.77 cpuRenderP95=1.07 cpuWaitAvg=15.96 cpuWaitP95=17.81 gpuAvg=20.03 gpuP95=21.21 thermal=0 thermalStart=0 thermalMax=0 buckets=19.7/19.9/20.0/20.1/20.1/20.0/20.2/20.2/20.3/20.4/20.4/20.2/20.3/20.3/20.5/20.4/20.4/20.2/20.0/20.0/20.1/20.3/20.4
M3D_PERF count=100000 maxNeighbors=48 force=1 render=1 debug=na phase=DONE t=240.0 frameAvg=20.04 frameP95=33.44 frameMax=33.69 long=0.199 cpuFrame=20.04 cpuMainAvg=4.07 cpuMainP95=5.38 cpuRenderAvg=0.77 cpuRenderP95=1.07 cpuWaitAvg=15.96 cpuWaitP95=17.81 gpuAvg=20.03 gpuP95=21.21 thermal=0 thermalStart=0 thermalMax=0 buckets=19.7/19.9/20.0/20.1/20.1/20.0/20.2/20.2/20.3/20.4/20.4/20.2/20.3/20.3/20.5/20.4/20.4/20.2/20.0/20.0/20.1/20.3/20.4/19.8
M3D_PERF count=100000 maxNeighbors=48 force=1 render=1 debug=na phase=DONE t=250.0 frameAvg=20.04 frameP95=33.44 frameMax=33.69 long=0.199 cpuFrame=20.04 cpuMainAvg=4.07 cpuMainP95=5.38 cpuRenderAvg=0.77 cpuRenderP95=1.07 cpuWaitAvg=15.96 cpuWaitP95=17.81 gpuAvg=20.03 gpuP95=21.21 thermal=0 thermalStart=0 thermalMax=0 buckets=19.7/19.9/20.0/20.1/20.1/20.0/20.2/20.2/20.3/20.4/20.4/20.2/20.3/20.3/20.5/20.4/20.4/20.2/20.0/20.0/20.1/20.3/20.4/19.8/19.9
M3D_PERF count=100000 maxNeighbors=48 force=1 render=1 debug=na phase=DONE t=260.0 frameAvg=20.04 frameP95=33.44 frameMax=33.69 long=0.199 cpuFrame=20.04 cpuMainAvg=4.07 cpuMainP95=5.38 cpuRenderAvg=0.77 cpuRenderP95=1.07 cpuWaitAvg=15.96 cpuWaitP95=17.81 gpuAvg=20.03 gpuP95=21.21 thermal=0 thermalStart=0 thermalMax=0 buckets=19.7/19.9/20.0/20.1/20.1/20.0/20.2/20.2/20.3/20.4/20.4/20.2/20.3/20.3/20.5/20.4/20.4/20.2/20.0/20.0/20.1/20.3/20.4/19.8/19.9/20.4
M3D_PERF count=100000 maxNeighbors=48 force=1 render=1 debug=na phase=DONE t=270.0 frameAvg=20.04 frameP95=33.44 frameMax=33.69 long=0.199 cpuFrame=20.04 cpuMainAvg=4.07 cpuMainP95=5.38 cpuRenderAvg=0.77 cpuRenderP95=1.07 cpuWaitAvg=15.96 cpuWaitP95=17.81 gpuAvg=20.03 gpuP95=21.21 thermal=0 thermalStart=0 thermalMax=0 buckets=19.7/19.9/20.0/20.1/20.1/20.0/20.2/20.2/20.3/20.4/20.4/20.2/20.3/20.3/20.5/20.4/20.4/20.2/20.0/20.0/20.1/20.3/20.4/19.8/19.9/20.4/20.5
M3D_PERF count=100000 maxNeighbors=48 force=1 render=1 debug=na phase=DONE t=280.0 frameAvg=20.04 frameP95=33.44 frameMax=33.69 long=0.199 cpuFrame=20.04 cpuMainAvg=4.07 cpuMainP95=5.38 cpuRenderAvg=0.77 cpuRenderP95=1.07 cpuWaitAvg=15.96 cpuWaitP95=17.81 gpuAvg=20.03 gpuP95=21.21 thermal=0 thermalStart=0 thermalMax=0 buckets=19.7/19.9/20.0/20.1/20.1/20.0/20.2/20.2/20.3/20.4/20.4/20.2/20.3/20.3/20.5/20.4/20.4/20.2/20.0/20.0/20.1/20.3/20.4/19.8/19.9/20.4/20.5/20.6
M3D_PERF count=100000 maxNeighbors=48 force=1 render=1 debug=na phase=DONE t=290.0 frameAvg=20.04 frameP95=33.44 frameMax=33.69 long=0.199 cpuFrame=20.04 cpuMainAvg=4.07 cpuMainP95=5.38 cpuRenderAvg=0.77 cpuRenderP95=1.07 cpuWaitAvg=15.96 cpuWaitP95=17.81 gpuAvg=20.03 gpuP95=21.21 thermal=0 thermalStart=0 thermalMax=0 buckets=19.7/19.9/20.0/20.1/20.1/20.0/20.2/20.2/20.3/20.4/20.4/20.2/20.3/20.3/20.5/20.4/20.4/20.2/20.0/20.0/20.1/20.3/20.4/19.8/19.9/20.4/20.5/20.6/20.6
M3D_PERF count=100000 maxNeighbors=48 force=1 render=1 debug=na phase=DONE t=300.0 frameAvg=20.04 frameP95=33.44 frameMax=33.69 long=0.199 cpuFrame=20.04 cpuMainAvg=4.07 cpuMainP95=5.38 cpuRenderAvg=0.77 cpuRenderP95=1.07 cpuWaitAvg=15.96 cpuWaitP95=17.81 gpuAvg=20.03 gpuP95=21.21 thermal=0 thermalStart=0 thermalMax=0 buckets=19.7/19.9/20.0/20.1/20.1/20.0/20.2/20.2/20.3/20.4/20.4/20.2/20.3/20.3/20.5/20.4/20.4/20.2/20.0/20.0/20.1/20.3/20.4/19.8/19.9/20.4/20.5/20.6/20.6/20.6
M3D_PERF count=100000 maxNeighbors=48 force=1 render=1 debug=na phase=DONE t=310.0 frameAvg=20.04 frameP95=33.44 frameMax=33.69 long=0.199 cpuFrame=20.04 cpuMainAvg=4.07 cpuMainP95=5.38 cpuRenderAvg=0.77 cpuRenderP95=1.07 cpuWaitAvg=15.96 cpuWaitP95=17.81 gpuAvg=20.03 gpuP95=21.21 thermal=0 thermalStart=0 thermalMax=0 buckets=19.7/19.9/20.0/20.1/20.1/20.0/20.2/20.2/20.3/20.4/20.4/20.2/20.3/20.3/20.5/20.4/20.4/20.2/20.0/20.0/20.1/20.3/20.4/19.8/19.9/20.4/20.5/20.6/20.6/20.6/20.5
M3D_PERF count=100000 maxNeighbors=32 force=1 render=1 debug=na phase=WARMUP t=10.0 frameAvg=na frameP95=na frameMax=na long=na cpuFrame=na cpuMainAvg=na cpuMainP95=na cpuRenderAvg=na cpuRenderP95=na cpuWaitAvg=na cpuWaitP95=na gpuAvg=na gpuP95=na thermal=0 thermalStart=0 thermalMax=0 buckets=25.3
M3D_PERF count=100000 maxNeighbors=32 force=1 render=1 debug=na phase=WARMUP t=20.0 frameAvg=na frameP95=na frameMax=na long=na cpuFrame=na cpuMainAvg=na cpuMainP95=na cpuRenderAvg=na cpuRenderP95=na cpuWaitAvg=na cpuWaitP95=na gpuAvg=na gpuP95=na thermal=0 thermalStart=0 thermalMax=0 buckets=25.3/16.7
M3D_PERF count=100000 maxNeighbors=32 force=1 render=1 debug=na phase=MEASURE t=30.0 frameAvg=na frameP95=na frameMax=na long=na cpuFrame=na cpuMainAvg=na cpuMainP95=na cpuRenderAvg=na cpuRenderP95=na cpuWaitAvg=na cpuWaitP95=na gpuAvg=na gpuP95=na thermal=0 thermalStart=0 thermalMax=0 buckets=25.3/16.7/16.7
M3D_PERF count=100000 maxNeighbors=32 force=1 render=1 debug=na phase=MEASURE t=40.0 frameAvg=16.72 frameP95=16.79 frameMax=17.38 long=0.000 cpuFrame=16.72 cpuMainAvg=3.88 cpuMainP95=5.45 cpuRenderAvg=0.66 cpuRenderP95=1.06 cpuWaitAvg=12.81 cpuWaitP95=15.41 gpuAvg=16.39 gpuP95=21.84 thermal=0 thermalStart=0 thermalMax=0 buckets=25.3/16.7/16.7/16.7
M3D_PERF count=100000 maxNeighbors=32 force=1 render=1 debug=na phase=MEASURE t=50.0 frameAvg=16.72 frameP95=16.80 frameMax=17.38 long=0.000 cpuFrame=16.72 cpuMainAvg=3.89 cpuMainP95=5.43 cpuRenderAvg=0.66 cpuRenderP95=1.05 cpuWaitAvg=12.80 cpuWaitP95=15.49 gpuAvg=16.42 gpuP95=22.11 thermal=0 thermalStart=0 thermalMax=0 buckets=25.3/16.7/16.7/16.7/16.7
M3D_PERF count=100000 maxNeighbors=32 force=1 render=1 debug=na phase=DONE t=60.0 frameAvg=16.72 frameP95=16.80 frameMax=17.38 long=0.000 cpuFrame=16.72 cpuMainAvg=3.86 cpuMainP95=5.57 cpuRenderAvg=0.66 cpuRenderP95=1.06 cpuWaitAvg=12.83 cpuWaitP95=15.28 gpuAvg=16.38 gpuP95=22.12 thermal=0 thermalStart=0 thermalMax=0 buckets=25.3/16.7/16.7/16.7/16.7/16.7
M3D_PERF count=100000 maxNeighbors=32 force=1 render=1 debug=na phase=DONE t=70.0 frameAvg=16.72 frameP95=16.80 frameMax=17.38 long=0.000 cpuFrame=16.72 cpuMainAvg=3.86 cpuMainP95=5.57 cpuRenderAvg=0.66 cpuRenderP95=1.06 cpuWaitAvg=12.83 cpuWaitP95=15.28 gpuAvg=16.38 gpuP95=22.12 thermal=0 thermalStart=0 thermalMax=0 buckets=25.3/16.7/16.7/16.7/16.7/16.7/16.7
M3D_PERF count=100000 maxNeighbors=32 force=1 render=1 debug=na phase=DONE t=114.5 frameAvg=16.72 frameP95=16.80 frameMax=17.38 long=0.000 cpuFrame=16.72 cpuMainAvg=3.86 cpuMainP95=5.57 cpuRenderAvg=0.66 cpuRenderP95=1.06 cpuWaitAvg=12.83 cpuWaitP95=15.28 gpuAvg=16.38 gpuP95=22.12 thermal=0 thermalStart=0 thermalMax=0 buckets=25.3/16.7/16.7/16.7/16.7/16.7/16.7/138.1
M3D_PERF count=100000 maxNeighbors=32 force=1 render=1 debug=na phase=WARMUP t=10.0 frameAvg=na frameP95=na frameMax=na long=na cpuFrame=na cpuMainAvg=na cpuMainP95=na cpuRenderAvg=na cpuRenderP95=na cpuWaitAvg=na cpuWaitP95=na gpuAvg=na gpuP95=na thermal=0 thermalStart=0 thermalMax=0 buckets=39.9
M3D_PERF count=100000 maxNeighbors=32 force=1 render=1 debug=na phase=WARMUP t=20.0 frameAvg=na frameP95=na frameMax=na long=na cpuFrame=na cpuMainAvg=na cpuMainP95=na cpuRenderAvg=na cpuRenderP95=na cpuWaitAvg=na cpuWaitP95=na gpuAvg=na gpuP95=na thermal=0 thermalStart=0 thermalMax=0 buckets=39.9/28.0
M3D_PERF count=100000 maxNeighbors=32 force=1 render=1 debug=na phase=MEASURE t=30.0 frameAvg=na frameP95=na frameMax=na long=na cpuFrame=na cpuMainAvg=na cpuMainP95=na cpuRenderAvg=na cpuRenderP95=na cpuWaitAvg=na cpuWaitP95=na gpuAvg=na gpuP95=na thermal=0 thermalStart=0 thermalMax=0 buckets=39.9/28.0/28.0
M3D_PERF count=100000 maxNeighbors=32 force=1 render=1 debug=na phase=MEASURE t=40.0 frameAvg=31.44 frameP95=33.54 frameMax=50.23 long=0.865 cpuFrame=31.48 cpuMainAvg=4.86 cpuMainP95=6.69 cpuRenderAvg=0.91 cpuRenderP95=1.18 cpuWaitAvg=26.59 cpuWaitP95=28.71 gpuAvg=31.32 gpuP95=32.26 thermal=0 thermalStart=0 thermalMax=0 buckets=39.9/28.0/28.0/31.4
M3D_PERF count=100000 maxNeighbors=32 force=1 render=1 debug=na phase=MEASURE t=50.0 frameAvg=31.56 frameP95=33.54 frameMax=50.27 long=0.872 cpuFrame=31.56 cpuMainAvg=4.76 cpuMainP95=6.70 cpuRenderAvg=0.90 cpuRenderP95=1.18 cpuWaitAvg=26.77 cpuWaitP95=28.87 gpuAvg=31.45 gpuP95=32.37 thermal=0 thermalStart=0 thermalMax=0 buckets=39.9/28.0/28.0/31.4/31.7
M3D_PERF count=100000 maxNeighbors=32 force=1 render=1 debug=na phase=DONE t=60.0 frameAvg=31.59 frameP95=33.54 frameMax=66.98 long=0.871 cpuFrame=31.59 cpuMainAvg=4.83 cpuMainP95=6.92 cpuRenderAvg=0.92 cpuRenderP95=1.20 cpuWaitAvg=26.74 cpuWaitP95=28.81 gpuAvg=31.50 gpuP95=32.37 thermal=0 thermalStart=0 thermalMax=0 buckets=39.9/28.0/28.0/31.4/31.7/31.6
M3D_PERF count=100000 maxNeighbors=32 force=1 render=1 debug=na phase=DONE t=70.0 frameAvg=31.59 frameP95=33.54 frameMax=66.98 long=0.871 cpuFrame=31.59 cpuMainAvg=4.83 cpuMainP95=6.92 cpuRenderAvg=0.92 cpuRenderP95=1.20 cpuWaitAvg=26.74 cpuWaitP95=28.81 gpuAvg=31.50 gpuP95=32.37 thermal=0 thermalStart=0 thermalMax=0 buckets=39.9/28.0/28.0/31.4/31.7/31.6/31.8
M3D_PERF count=100000 maxNeighbors=32 force=1 render=0 debug=na phase=WARMUP t=10.0 frameAvg=na frameP95=na frameMax=na long=na cpuFrame=na cpuMainAvg=na cpuMainP95=na cpuRenderAvg=na cpuRenderP95=na cpuWaitAvg=na cpuWaitP95=na gpuAvg=na gpuP95=na thermal=0 thermalStart=0 thermalMax=0 buckets=25.6
M3D_PERF count=100000 maxNeighbors=32 force=1 render=0 debug=na phase=WARMUP t=20.0 frameAvg=na frameP95=na frameMax=na long=na cpuFrame=na cpuMainAvg=na cpuMainP95=na cpuRenderAvg=na cpuRenderP95=na cpuWaitAvg=na cpuWaitP95=na gpuAvg=na gpuP95=na thermal=0 thermalStart=0 thermalMax=0 buckets=25.6/25.5
M3D_PERF count=100000 maxNeighbors=32 force=1 render=0 debug=na phase=MEASURE t=30.0 frameAvg=na frameP95=na frameMax=na long=na cpuFrame=na cpuMainAvg=na cpuMainP95=na cpuRenderAvg=na cpuRenderP95=na cpuWaitAvg=na cpuWaitP95=na gpuAvg=na gpuP95=na thermal=0 thermalStart=0 thermalMax=0 buckets=25.6/25.5/25.7
M3D_PERF count=100000 maxNeighbors=32 force=1 render=0 debug=na phase=MEASURE t=40.0 frameAvg=26.09 frameP95=50.19 frameMax=50.55 long=0.491 cpuFrame=26.16 cpuMainAvg=4.37 cpuMainP95=7.80 cpuRenderAvg=0.78 cpuRenderP95=1.25 cpuWaitAvg=21.76 cpuWaitP95=42.20 gpuAvg=16.86 gpuP95=46.65 thermal=0 thermalStart=0 thermalMax=0 buckets=25.6/25.5/25.7/26.1
M3D_PERF count=100000 maxNeighbors=32 force=1 render=0 debug=na phase=MEASURE t=50.0 frameAvg=26.06 frameP95=50.19 frameMax=50.55 long=0.490 cpuFrame=26.08 cpuMainAvg=4.28 cpuMainP95=7.40 cpuRenderAvg=0.79 cpuRenderP95=1.25 cpuWaitAvg=21.77 cpuWaitP95=42.27 gpuAvg=15.99 gpuP95=46.69 thermal=0 thermalStart=0 thermalMax=0 buckets=25.6/25.5/25.7/26.1/26.0
M3D_PERF count=100000 maxNeighbors=32 force=1 render=0 debug=na phase=MEASURE t=60.0 frameAvg=26.04 frameP95=50.19 frameMax=50.55 long=0.491 cpuFrame=26.04 cpuMainAvg=4.24 cpuMainP95=6.89 cpuRenderAvg=0.79 cpuRenderP95=1.24 cpuWaitAvg=21.77 cpuWaitP95=42.38 gpuAvg=15.78 gpuP95=46.72 thermal=0 thermalStart=0 thermalMax=0 buckets=25.6/25.5/25.7/26.1/26.0/26.0
M3D_PERF count=100000 maxNeighbors=32 force=1 render=0 debug=na phase=DONE t=60.0 frameAvg=26.03 frameP95=50.19 frameMax=50.55 long=0.491 cpuFrame=26.05 cpuMainAvg=4.24 cpuMainP95=6.89 cpuRenderAvg=0.79 cpuRenderP95=1.24 cpuWaitAvg=21.78 cpuWaitP95=42.38 gpuAvg=15.81 gpuP95=46.72 thermal=0 thermalStart=0 thermalMax=0 buckets=25.6/25.5/25.7/26.1/26.0/26.0/16.8
M3D_PERF count=100000 maxNeighbors=32 force=1 render=0 debug=na phase=DONE t=70.0 frameAvg=26.03 frameP95=50.19 frameMax=50.55 long=0.491 cpuFrame=26.05 cpuMainAvg=4.24 cpuMainP95=6.89 cpuRenderAvg=0.79 cpuRenderP95=1.24 cpuWaitAvg=21.78 cpuWaitP95=42.38 gpuAvg=15.81 gpuP95=46.72 thermal=0 thermalStart=0 thermalMax=0 buckets=25.6/25.5/25.7/26.1/26.0/26.0/26.0
M3D_PERF count=100000 maxNeighbors=32 force=1 render=1 debug=na phase=WARMUP t=10.0 frameAvg=na frameP95=na frameMax=na long=na cpuFrame=na cpuMainAvg=na cpuMainP95=na cpuRenderAvg=na cpuRenderP95=na cpuWaitAvg=na cpuWaitP95=na gpuAvg=na gpuP95=na thermal=0 thermalStart=0 thermalMax=0 buckets=32.9
M3D_PERF count=100000 maxNeighbors=32 force=1 render=1 debug=na phase=WARMUP t=20.0 frameAvg=na frameP95=na frameMax=na long=na cpuFrame=na cpuMainAvg=na cpuMainP95=na cpuRenderAvg=na cpuRenderP95=na cpuWaitAvg=na cpuWaitP95=na gpuAvg=na gpuP95=na thermal=0 thermalStart=0 thermalMax=0 buckets=32.9/31.8
M3D_PERF count=100000 maxNeighbors=32 force=1 render=1 debug=na phase=MEASURE t=30.0 frameAvg=na frameP95=na frameMax=na long=na cpuFrame=na cpuMainAvg=na cpuMainP95=na cpuRenderAvg=na cpuRenderP95=na cpuWaitAvg=na cpuWaitP95=na gpuAvg=na gpuP95=na thermal=0 thermalStart=0 thermalMax=0 buckets=32.9/31.8/31.9
M3D_PERF count=100000 maxNeighbors=32 force=1 render=1 debug=na phase=MEASURE t=40.0 frameAvg=31.93 frameP95=33.54 frameMax=66.97 long=0.872 cpuFrame=31.93 cpuMainAvg=4.92 cpuMainP95=7.24 cpuRenderAvg=0.93 cpuRenderP95=1.20 cpuWaitAvg=26.99 cpuWaitP95=29.14 gpuAvg=31.83 gpuP95=32.61 thermal=0 thermalStart=0 thermalMax=0 buckets=32.9/31.8/31.9/31.9
M3D_PERF count=100000 maxNeighbors=32 force=1 render=1 debug=na phase=MEASURE t=50.0 frameAvg=32.00 frameP95=33.54 frameMax=67.06 long=0.877 cpuFrame=31.98 cpuMainAvg=4.89 cpuMainP95=6.91 cpuRenderAvg=0.92 cpuRenderP95=1.19 cpuWaitAvg=27.06 cpuWaitP95=29.00 gpuAvg=31.90 gpuP95=32.72 thermal=0 thermalStart=0 thermalMax=0 buckets=32.9/31.8/31.9/31.9/32.1
M3D_PERF count=100000 maxNeighbors=32 force=1 render=1 debug=na phase=MEASURE t=60.0 frameAvg=32.12 frameP95=33.55 frameMax=67.06 long=0.881 cpuFrame=32.11 cpuMainAvg=4.90 cpuMainP95=7.10 cpuRenderAvg=0.91 cpuRenderP95=1.20 cpuWaitAvg=27.18 cpuWaitP95=29.26 gpuAvg=32.02 gpuP95=32.75 thermal=0 thermalStart=0 thermalMax=0 buckets=32.9/31.8/31.9/31.9/32.1/32.3
M3D_PERF count=100000 maxNeighbors=32 force=1 render=1 debug=na phase=DONE t=60.1 frameAvg=32.12 frameP95=33.55 frameMax=67.06 long=0.881 cpuFrame=32.11 cpuMainAvg=4.90 cpuMainP95=7.10 cpuRenderAvg=0.91 cpuRenderP95=1.20 cpuWaitAvg=27.18 cpuWaitP95=29.26 gpuAvg=32.02 gpuP95=32.75 thermal=0 thermalStart=0 thermalMax=0 buckets=32.9/31.8/31.9/31.9/32.1/32.3/33.5
M3D_PERF count=100000 maxNeighbors=32 force=1 render=1 debug=na phase=DONE t=70.0 frameAvg=32.12 frameP95=33.55 frameMax=67.06 long=0.881 cpuFrame=32.11 cpuMainAvg=4.90 cpuMainP95=7.10 cpuRenderAvg=0.91 cpuRenderP95=1.20 cpuWaitAvg=27.18 cpuWaitP95=29.26 gpuAvg=32.02 gpuP95=32.75 thermal=0 thermalStart=0 thermalMax=0 buckets=32.9/31.8/31.9/31.9/32.1/32.3/32.1
M3D_PERF count=100000 maxNeighbors=48 force=1 render=1 debug=na phase=WARMUP t=10.0 frameAvg=na frameP95=na frameMax=na long=na cpuFrame=na cpuMainAvg=na cpuMainP95=na cpuRenderAvg=na cpuRenderP95=na cpuWaitAvg=na cpuWaitP95=na gpuAvg=na gpuP95=na thermal=0 thermalStart=0 thermalMax=0 buckets=41.0
M3D_PERF count=100000 maxNeighbors=48 force=1 render=1 debug=na phase=WARMUP t=20.0 frameAvg=na frameP95=na frameMax=na long=na cpuFrame=na cpuMainAvg=na cpuMainP95=na cpuRenderAvg=na cpuRenderP95=na cpuWaitAvg=na cpuWaitP95=na gpuAvg=na gpuP95=na thermal=0 thermalStart=0 thermalMax=0 buckets=41.0/39.8
M3D_PERF count=100000 maxNeighbors=48 force=1 render=1 debug=na phase=MEASURE t=30.0 frameAvg=na frameP95=na frameMax=na long=na cpuFrame=na cpuMainAvg=na cpuMainP95=na cpuRenderAvg=na cpuRenderP95=na cpuWaitAvg=na cpuWaitP95=na gpuAvg=na gpuP95=na thermal=0 thermalStart=0 thermalMax=0 buckets=41.0/39.8/36.9
M3D_PERF count=100000 maxNeighbors=48 force=1 render=1 debug=na phase=MEASURE t=40.0 frameAvg=34.94 frameP95=50.22 frameMax=67.10 long=0.941 cpuFrame=34.88 cpuMainAvg=5.08 cpuMainP95=7.14 cpuRenderAvg=0.95 cpuRenderP95=1.39 cpuWaitAvg=29.77 cpuWaitP95=35.42 gpuAvg=34.95 gpuP95=38.84 thermal=0 thermalStart=0 thermalMax=0 buckets=41.0/39.8/36.9/34.9
M3D_PERF count=100000 maxNeighbors=48 force=1 render=1 debug=na phase=MEASURE t=50.0 frameAvg=35.00 frameP95=50.22 frameMax=67.10 long=0.949 cpuFrame=34.99 cpuMainAvg=5.01 cpuMainP95=7.00 cpuRenderAvg=0.95 cpuRenderP95=1.35 cpuWaitAvg=29.96 cpuWaitP95=34.33 gpuAvg=34.98 gpuP95=37.40 thermal=0 thermalStart=0 thermalMax=0 buckets=41.0/39.8/36.9/34.9/35.1
M3D_PERF count=100000 maxNeighbors=48 force=1 render=1 debug=na phase=MEASURE t=60.0 frameAvg=35.00 frameP95=50.22 frameMax=67.10 long=0.940 cpuFrame=34.99 cpuMainAvg=5.01 cpuMainP95=7.31 cpuRenderAvg=0.94 cpuRenderP95=1.34 cpuWaitAvg=29.96 cpuWaitP95=36.60 gpuAvg=34.96 gpuP95=38.01 thermal=0 thermalStart=0 thermalMax=0 buckets=41.0/39.8/36.9/34.9/35.1/35.0
M3D_PERF count=100000 maxNeighbors=48 force=1 render=1 debug=na phase=DONE t=60.1 frameAvg=35.00 frameP95=50.22 frameMax=67.10 long=0.941 cpuFrame=35.00 cpuMainAvg=5.01 cpuMainP95=7.31 cpuRenderAvg=0.94 cpuRenderP95=1.34 cpuWaitAvg=29.96 cpuWaitP95=36.60 gpuAvg=34.95 gpuP95=38.01 thermal=0 thermalStart=0 thermalMax=0 buckets=41.0/39.8/36.9/34.9/35.1/35.0/33.4
M3D_PERF count=100000 maxNeighbors=48 force=1 render=1 debug=na phase=DONE t=70.0 frameAvg=35.00 frameP95=50.22 frameMax=67.10 long=0.941 cpuFrame=35.00 cpuMainAvg=5.01 cpuMainP95=7.31 cpuRenderAvg=0.94 cpuRenderP95=1.34 cpuWaitAvg=29.96 cpuWaitP95=36.60 gpuAvg=34.95 gpuP95=38.01 thermal=0 thermalStart=0 thermalMax=0 buckets=41.0/39.8/36.9/34.9/35.1/35.0/35.2
M3D_PERF count=100000 maxNeighbors=48 force=1 render=0 debug=na phase=WARMUP t=10.0 frameAvg=na frameP95=na frameMax=na long=na cpuFrame=na cpuMainAvg=na cpuMainP95=na cpuRenderAvg=na cpuRenderP95=na cpuWaitAvg=na cpuWaitP95=na gpuAvg=na gpuP95=na thermal=0 thermalStart=0 thermalMax=0 buckets=30.7
M3D_PERF count=100000 maxNeighbors=48 force=1 render=0 debug=na phase=WARMUP t=20.0 frameAvg=na frameP95=na frameMax=na long=na cpuFrame=na cpuMainAvg=na cpuMainP95=na cpuRenderAvg=na cpuRenderP95=na cpuWaitAvg=na cpuWaitP95=na gpuAvg=na gpuP95=na thermal=0 thermalStart=0 thermalMax=0 buckets=30.7/31.0
M3D_PERF count=100000 maxNeighbors=48 force=1 render=0 debug=na phase=MEASURE t=30.0 frameAvg=na frameP95=na frameMax=na long=na cpuFrame=na cpuMainAvg=na cpuMainP95=na cpuRenderAvg=na cpuRenderP95=na cpuWaitAvg=na cpuWaitP95=na gpuAvg=na gpuP95=na thermal=0 thermalStart=0 thermalMax=0 buckets=30.7/31.0/30.9
M3D_PERF count=100000 maxNeighbors=48 force=1 render=0 debug=na phase=MEASURE t=40.0 frameAvg=30.79 frameP95=50.26 frameMax=66.94 long=0.500 cpuFrame=30.79 cpuMainAvg=4.12 cpuMainP95=5.42 cpuRenderAvg=0.84 cpuRenderP95=1.29 cpuWaitAvg=26.64 cpuWaitP95=51.82 gpuAvg=17.11 gpuP95=56.05 thermal=0 thermalStart=0 thermalMax=0 buckets=30.7/31.0/30.9/30.8
M3D_PERF count=100000 maxNeighbors=48 force=1 render=0 debug=na phase=MEASURE t=50.0 frameAvg=30.80 frameP95=50.25 frameMax=66.94 long=0.500 cpuFrame=30.80 cpuMainAvg=4.11 cpuMainP95=5.57 cpuRenderAvg=0.84 cpuRenderP95=1.27 cpuWaitAvg=26.66 cpuWaitP95=51.80 gpuAvg=17.00 gpuP95=56.21 thermal=0 thermalStart=0 thermalMax=0 buckets=30.7/31.0/30.9/30.8/30.8
M3D_PERF count=100000 maxNeighbors=48 force=1 render=0 debug=na phase=MEASURE t=60.0 frameAvg=30.90 frameP95=50.26 frameMax=66.96 long=0.500 cpuFrame=30.89 cpuMainAvg=4.13 cpuMainP95=6.03 cpuRenderAvg=0.84 cpuRenderP95=1.29 cpuWaitAvg=26.73 cpuWaitP95=51.92 gpuAvg=16.95 gpuP95=56.43 thermal=0 thermalStart=0 thermalMax=0 buckets=30.7/31.0/30.9/30.8/30.8/31.1
M3D_PERF count=100000 maxNeighbors=48 force=1 render=0 debug=na phase=DONE t=60.1 frameAvg=30.89 frameP95=50.26 frameMax=66.96 long=0.500 cpuFrame=30.89 cpuMainAvg=4.13 cpuMainP95=6.04 cpuRenderAvg=0.84 cpuRenderP95=1.29 cpuWaitAvg=26.74 cpuWaitP95=51.92 gpuAvg=16.93 gpuP95=56.43 thermal=0 thermalStart=0 thermalMax=0 buckets=30.7/31.0/30.9/30.8/30.8/31.1/25.1
M3D_PERF count=100000 maxNeighbors=48 force=1 render=0 debug=na phase=DONE t=70.0 frameAvg=30.89 frameP95=50.26 frameMax=66.96 long=0.500 cpuFrame=30.89 cpuMainAvg=4.13 cpuMainP95=6.04 cpuRenderAvg=0.84 cpuRenderP95=1.29 cpuWaitAvg=26.74 cpuWaitP95=51.92 gpuAvg=16.93 gpuP95=56.43 thermal=0 thermalStart=0 thermalMax=0 buckets=30.7/31.0/30.9/30.8/30.8/31.1/30.9
M3D_PERF count=100000 maxNeighbors=32 force=1 render=1 debug=na phase=WARMUP t=10.0 frameAvg=na frameP95=na frameMax=na long=na cpuFrame=na cpuMainAvg=na cpuMainP95=na cpuRenderAvg=na cpuRenderP95=na cpuWaitAvg=na cpuWaitP95=na gpuAvg=na gpuP95=na thermal=0 thermalStart=0 thermalMax=0 buckets=36.9
M3D_PERF count=100000 maxNeighbors=32 force=1 render=1 debug=na phase=WARMUP t=20.0 frameAvg=na frameP95=na frameMax=na long=na cpuFrame=na cpuMainAvg=na cpuMainP95=na cpuRenderAvg=na cpuRenderP95=na cpuWaitAvg=na cpuWaitP95=na gpuAvg=na gpuP95=na thermal=0 thermalStart=0 thermalMax=0 buckets=36.9/25.8
M3D_PERF count=100000 maxNeighbors=32 force=1 render=1 debug=na phase=MEASURE t=30.0 frameAvg=na frameP95=na frameMax=na long=na cpuFrame=na cpuMainAvg=na cpuMainP95=na cpuRenderAvg=na cpuRenderP95=na cpuWaitAvg=na cpuWaitP95=na gpuAvg=na gpuP95=na thermal=0 thermalStart=0 thermalMax=0 buckets=36.9/25.8/25.7
M3D_PERF count=100000 maxNeighbors=32 force=1 render=1 debug=na phase=MEASURE t=40.0 frameAvg=27.38 frameP95=50.05 frameMax=50.34 long=0.584 cpuFrame=27.37 cpuMainAvg=4.96 cpuMainP95=7.03 cpuRenderAvg=0.92 cpuRenderP95=1.35 cpuWaitAvg=22.38 cpuWaitP95=40.07 gpuAvg=27.22 gpuP95=45.06 thermal=0 thermalStart=0 thermalMax=0 buckets=36.9/25.8/25.7/27.4
M3D_PERF count=100000 maxNeighbors=32 force=1 render=1 debug=na phase=MEASURE t=50.0 frameAvg=28.43 frameP95=50.17 frameMax=50.49 long=0.632 cpuFrame=28.41 cpuMainAvg=5.00 cpuMainP95=7.51 cpuRenderAvg=0.93 cpuRenderP95=1.37 cpuWaitAvg=23.38 cpuWaitP95=43.27 gpuAvg=28.23 gpuP95=49.45 thermal=0 thermalStart=0 thermalMax=0 buckets=36.9/25.8/25.7/27.4/29.6
M3D_PERF count=100000 maxNeighbors=32 force=1 render=1 debug=na phase=MEASURE t=60.0 frameAvg=28.73 frameP95=50.18 frameMax=50.49 long=0.648 cpuFrame=28.71 cpuMainAvg=4.96 cpuMainP95=7.52 cpuRenderAvg=0.92 cpuRenderP95=1.35 cpuWaitAvg=23.72 cpuWaitP95=42.26 gpuAvg=28.53 gpuP95=49.10 thermal=0 thermalStart=0 thermalMax=0 buckets=36.9/25.8/25.7/27.4/29.6/29.4
M3D_PERF count=100000 maxNeighbors=32 force=1 render=1 debug=na phase=DONE t=60.0 frameAvg=28.72 frameP95=50.18 frameMax=50.49 long=0.648 cpuFrame=28.72 cpuMainAvg=4.96 cpuMainP95=7.52 cpuRenderAvg=0.92 cpuRenderP95=1.35 cpuWaitAvg=23.73 cpuWaitP95=42.26 gpuAvg=28.53 gpuP95=49.10 thermal=0 thermalStart=0 thermalMax=0 buckets=36.9/25.8/25.7/27.4/29.6/29.4/16.8
M3D_PERF count=100000 maxNeighbors=32 force=1 render=1 debug=na phase=DONE t=70.0 frameAvg=28.72 frameP95=50.18 frameMax=50.49 long=0.648 cpuFrame=28.72 cpuMainAvg=4.96 cpuMainP95=7.52 cpuRenderAvg=0.92 cpuRenderP95=1.35 cpuWaitAvg=23.73 cpuWaitP95=42.26 gpuAvg=28.53 gpuP95=49.10 thermal=0 thermalStart=0 thermalMax=0 buckets=36.9/25.8/25.7/27.4/29.6/29.4/29.5
M3D_PERF count=100000 maxNeighbors=32 force=1 render=1 debug=na phase=DONE t=80.0 frameAvg=28.72 frameP95=50.18 frameMax=50.49 long=0.648 cpuFrame=28.72 cpuMainAvg=4.96 cpuMainP95=7.52 cpuRenderAvg=0.92 cpuRenderP95=1.35 cpuWaitAvg=23.73 cpuWaitP95=42.26 gpuAvg=28.53 gpuP95=49.10 thermal=0 thermalStart=0 thermalMax=0 buckets=36.9/25.8/25.7/27.4/29.6/29.4/29.5/29.5
M3D_PERF count=100000 maxNeighbors=32 force=1 render=0 debug=na phase=WARMUP t=10.0 frameAvg=na frameP95=na frameMax=na long=na cpuFrame=na cpuMainAvg=na cpuMainP95=na cpuRenderAvg=na cpuRenderP95=na cpuWaitAvg=na cpuWaitP95=na gpuAvg=na gpuP95=na thermal=0 thermalStart=0 thermalMax=0 buckets=25.2
M3D_PERF count=100000 maxNeighbors=32 force=1 render=0 debug=na phase=WARMUP t=20.0 frameAvg=na frameP95=na frameMax=na long=na cpuFrame=na cpuMainAvg=na cpuMainP95=na cpuRenderAvg=na cpuRenderP95=na cpuWaitAvg=na cpuWaitP95=na gpuAvg=na gpuP95=na thermal=0 thermalStart=0 thermalMax=0 buckets=25.2/25.5
M3D_PERF count=100000 maxNeighbors=32 force=1 render=0 debug=na phase=MEASURE t=30.0 frameAvg=na frameP95=na frameMax=na long=na cpuFrame=na cpuMainAvg=na cpuMainP95=na cpuRenderAvg=na cpuRenderP95=na cpuWaitAvg=na cpuWaitP95=na gpuAvg=na gpuP95=na thermal=0 thermalStart=0 thermalMax=0 buckets=25.2/25.5/25.4
M3D_PERF count=100000 maxNeighbors=32 force=1 render=0 debug=na phase=MEASURE t=40.0 frameAvg=25.39 frameP95=33.55 frameMax=50.21 long=0.489 cpuFrame=25.47 cpuMainAvg=4.14 cpuMainP95=5.32 cpuRenderAvg=0.82 cpuRenderP95=1.29 cpuWaitAvg=21.30 cpuWaitP95=41.31 gpuAvg=13.94 gpuP95=45.60 thermal=0 thermalStart=0 thermalMax=0 buckets=25.2/25.5/25.4/25.4
M3D_PERF count=100000 maxNeighbors=32 force=1 render=0 debug=na phase=MEASURE t=50.0 frameAvg=25.46 frameP95=33.55 frameMax=50.29 long=0.485 cpuFrame=25.48 cpuMainAvg=4.23 cpuMainP95=5.71 cpuRenderAvg=0.83 cpuRenderP95=1.27 cpuWaitAvg=21.23 cpuWaitP95=41.41 gpuAvg=14.73 gpuP95=45.59 thermal=0 thermalStart=0 thermalMax=0 buckets=25.2/25.5/25.4/25.4/25.5
M3D_PERF count=100000 maxNeighbors=32 force=1 render=0 debug=na phase=MEASURE t=60.0 frameAvg=25.45 frameP95=33.56 frameMax=50.55 long=0.485 cpuFrame=25.44 cpuMainAvg=4.19 cpuMainP95=5.83 cpuRenderAvg=0.82 cpuRenderP95=1.27 cpuWaitAvg=21.23 cpuWaitP95=41.37 gpuAvg=15.13 gpuP95=45.58 thermal=0 thermalStart=0 thermalMax=0 buckets=25.2/25.5/25.4/25.4/25.5/25.4
M3D_PERF count=100000 maxNeighbors=32 force=1 render=0 debug=na phase=DONE t=60.1 frameAvg=25.45 frameP95=33.55 frameMax=50.55 long=0.485 cpuFrame=25.45 cpuMainAvg=4.19 cpuMainP95=5.83 cpuRenderAvg=0.82 cpuRenderP95=1.26 cpuWaitAvg=21.23 cpuWaitP95=41.37 gpuAvg=15.12 gpuP95=45.58 thermal=0 thermalStart=0 thermalMax=0 buckets=25.2/25.5/25.4/25.4/25.5/25.4/25.1
M3D_PERF count=100000 maxNeighbors=32 force=1 render=0 debug=na phase=DONE t=70.0 frameAvg=25.45 frameP95=33.55 frameMax=50.55 long=0.485 cpuFrame=25.45 cpuMainAvg=4.19 cpuMainP95=5.83 cpuRenderAvg=0.82 cpuRenderP95=1.26 cpuWaitAvg=21.23 cpuWaitP95=41.37 gpuAvg=15.12 gpuP95=45.58 thermal=0 thermalStart=0 thermalMax=0 buckets=25.2/25.5/25.4/25.4/25.5/25.4/25.7
M3D_PERF count=100000 maxNeighbors=32 force=1 render=0 debug=na phase=DONE t=80.0 frameAvg=25.45 frameP95=33.55 frameMax=50.55 long=0.485 cpuFrame=25.45 cpuMainAvg=4.19 cpuMainP95=5.83 cpuRenderAvg=0.82 cpuRenderP95=1.26 cpuWaitAvg=21.23 cpuWaitP95=41.37 gpuAvg=15.12 gpuP95=45.58 thermal=0 thermalStart=0 thermalMax=0 buckets=25.2/25.5/25.4/25.4/25.5/25.4/25.7/25.7
M3D_PERF count=100000 maxNeighbors=48 force=1 render=1 debug=na phase=WARMUP t=10.0 frameAvg=na frameP95=na frameMax=na long=na cpuFrame=na cpuMainAvg=na cpuMainP95=na cpuRenderAvg=na cpuRenderP95=na cpuWaitAvg=na cpuWaitP95=na gpuAvg=na gpuP95=na thermal=0 thermalStart=0 thermalMax=0 buckets=36.9
M3D_PERF count=100000 maxNeighbors=48 force=1 render=1 debug=na phase=WARMUP t=20.0 frameAvg=na frameP95=na frameMax=na long=na cpuFrame=na cpuMainAvg=na cpuMainP95=na cpuRenderAvg=na cpuRenderP95=na cpuWaitAvg=na cpuWaitP95=na gpuAvg=na gpuP95=na thermal=0 thermalStart=0 thermalMax=0 buckets=36.9/33.6
M3D_PERF count=100000 maxNeighbors=48 force=1 render=1 debug=na phase=MEASURE t=30.0 frameAvg=na frameP95=na frameMax=na long=na cpuFrame=na cpuMainAvg=na cpuMainP95=na cpuRenderAvg=na cpuRenderP95=na cpuWaitAvg=na cpuWaitP95=na gpuAvg=na gpuP95=na thermal=0 thermalStart=0 thermalMax=0 buckets=36.9/33.6/33.4
M3D_PERF count=100000 maxNeighbors=48 force=1 render=1 debug=na phase=MEASURE t=40.0 frameAvg=33.70 frameP95=50.24 frameMax=66.96 long=0.757 cpuFrame=33.64 cpuMainAvg=4.97 cpuMainP95=6.82 cpuRenderAvg=0.99 cpuRenderP95=1.39 cpuWaitAvg=28.65 cpuWaitP95=52.44 gpuAvg=33.32 gpuP95=57.85 thermal=0 thermalStart=0 thermalMax=0 buckets=36.9/33.6/33.4/33.7
M3D_PERF count=100000 maxNeighbors=48 force=1 render=1 debug=na phase=MEASURE t=50.0 frameAvg=33.76 frameP95=50.24 frameMax=67.03 long=0.762 cpuFrame=33.72 cpuMainAvg=5.01 cpuMainP95=6.98 cpuRenderAvg=0.99 cpuRenderP95=1.38 cpuWaitAvg=28.68 cpuWaitP95=51.88 gpuAvg=33.33 gpuP95=57.86 thermal=0 thermalStart=0 thermalMax=0 buckets=36.9/33.6/33.4/33.7/33.8
M3D_PERF count=100000 maxNeighbors=48 force=1 render=1 debug=na phase=MEASURE t=60.0 frameAvg=33.80 frameP95=50.24 frameMax=67.10 long=0.779 cpuFrame=33.80 cpuMainAvg=5.02 cpuMainP95=7.21 cpuRenderAvg=0.98 cpuRenderP95=1.37 cpuWaitAvg=28.75 cpuWaitP95=51.88 gpuAvg=33.43 gpuP95=57.86 thermal=0 thermalStart=0 thermalMax=0 buckets=36.9/33.6/33.4/33.7/33.8/33.9
M3D_PERF count=100000 maxNeighbors=48 force=1 render=1 debug=na phase=DONE t=60.0 frameAvg=33.80 frameP95=50.24 frameMax=67.10 long=0.779 cpuFrame=33.80 cpuMainAvg=5.02 cpuMainP95=7.21 cpuRenderAvg=0.98 cpuRenderP95=1.37 cpuWaitAvg=28.75 cpuWaitP95=51.88 gpuAvg=33.43 gpuP95=57.86 thermal=0 thermalStart=0 thermalMax=0 buckets=36.9/33.6/33.4/33.7/33.8/33.9/33.5
M3D_PERF count=100000 maxNeighbors=48 force=1 render=1 debug=na phase=DONE t=70.0 frameAvg=33.80 frameP95=50.24 frameMax=67.10 long=0.779 cpuFrame=33.80 cpuMainAvg=5.02 cpuMainP95=7.21 cpuRenderAvg=0.98 cpuRenderP95=1.37 cpuWaitAvg=28.75 cpuWaitP95=51.88 gpuAvg=33.43 gpuP95=57.86 thermal=0 thermalStart=0 thermalMax=0 buckets=36.9/33.6/33.4/33.7/33.8/33.9/31.7
M3D_PERF count=100000 maxNeighbors=48 force=1 render=0 debug=na phase=WARMUP t=10.0 frameAvg=na frameP95=na frameMax=na long=na cpuFrame=na cpuMainAvg=na cpuMainP95=na cpuRenderAvg=na cpuRenderP95=na cpuWaitAvg=na cpuWaitP95=na gpuAvg=na gpuP95=na thermal=0 thermalStart=0 thermalMax=0 buckets=18.3
M3D_PERF count=100000 maxNeighbors=48 force=1 render=0 debug=na phase=WARMUP t=20.0 frameAvg=na frameP95=na frameMax=na long=na cpuFrame=na cpuMainAvg=na cpuMainP95=na cpuRenderAvg=na cpuRenderP95=na cpuWaitAvg=na cpuWaitP95=na gpuAvg=na gpuP95=na thermal=0 thermalStart=0 thermalMax=0 buckets=18.3/18.4
M3D_PERF count=100000 maxNeighbors=48 force=1 render=0 debug=na phase=MEASURE t=30.0 frameAvg=na frameP95=na frameMax=na long=na cpuFrame=na cpuMainAvg=na cpuMainP95=na cpuRenderAvg=na cpuRenderP95=na cpuWaitAvg=na cpuWaitP95=na gpuAvg=na gpuP95=na thermal=0 thermalStart=0 thermalMax=0 buckets=18.3/18.4/18.2
M3D_PERF count=100000 maxNeighbors=48 force=1 render=0 debug=na phase=MEASURE t=40.0 frameAvg=18.37 frameP95=33.48 frameMax=33.57 long=0.097 cpuFrame=18.35 cpuMainAvg=3.73 cpuMainP95=5.08 cpuRenderAvg=0.74 cpuRenderP95=1.18 cpuWaitAvg=14.60 cpuWaitP95=26.23 gpuAvg=16.44 gpuP95=30.78 thermal=0 thermalStart=0 thermalMax=0 buckets=18.3/18.4/18.2/18.4
M3D_PERF count=100000 maxNeighbors=48 force=1 render=0 debug=na phase=MEASURE t=50.0 frameAvg=18.37 frameP95=33.48 frameMax=33.57 long=0.097 cpuFrame=18.36 cpuMainAvg=3.76 cpuMainP95=5.38 cpuRenderAvg=0.74 cpuRenderP95=1.18 cpuWaitAvg=14.58 cpuWaitP95=26.23 gpuAvg=16.54 gpuP95=30.70 thermal=0 thermalStart=0 thermalMax=0 buckets=18.3/18.4/18.2/18.4/18.4
M3D_PERF count=100000 maxNeighbors=48 force=1 render=0 debug=na phase=MEASURE t=60.0 frameAvg=18.37 frameP95=33.48 frameMax=33.71 long=0.097 cpuFrame=18.36 cpuMainAvg=3.76 cpuMainP95=5.44 cpuRenderAvg=0.74 cpuRenderP95=1.18 cpuWaitAvg=14.58 cpuWaitP95=26.56 gpuAvg=16.45 gpuP95=30.78 thermal=0 thermalStart=0 thermalMax=0 buckets=18.3/18.4/18.2/18.4/18.4/18.4
M3D_PERF count=100000 maxNeighbors=48 force=1 render=0 debug=na phase=DONE t=60.0 frameAvg=18.37 frameP95=33.48 frameMax=33.71 long=0.097 cpuFrame=18.36 cpuMainAvg=3.76 cpuMainP95=5.44 cpuRenderAvg=0.74 cpuRenderP95=1.18 cpuWaitAvg=14.58 cpuWaitP95=26.56 gpuAvg=16.45 gpuP95=30.78 thermal=0 thermalStart=0 thermalMax=0 buckets=18.3/18.4/18.2/18.4/18.4/18.4/16.7
M3D_PERF count=100000 maxNeighbors=48 force=1 render=0 debug=na phase=DONE t=70.0 frameAvg=18.37 frameP95=33.48 frameMax=33.71 long=0.097 cpuFrame=18.36 cpuMainAvg=3.76 cpuMainP95=5.44 cpuRenderAvg=0.74 cpuRenderP95=1.18 cpuWaitAvg=14.58 cpuWaitP95=26.56 gpuAvg=16.45 gpuP95=30.78 thermal=0 thermalStart=0 thermalMax=0 buckets=18.3/18.4/18.2/18.4/18.4/18.4/18.5
M3D_PERF count=30000 maxNeighbors=48 force=1 render=1 debug=na phase=WARMUP t=10.0 frameAvg=na frameP95=na frameMax=na long=na cpuFrame=na cpuMainAvg=na cpuMainP95=na cpuRenderAvg=na cpuRenderP95=na cpuWaitAvg=na cpuWaitP95=na gpuAvg=na gpuP95=na thermal=1 thermalStart=1 thermalMax=1 buckets=27.2
M3D_PERF count=30000 maxNeighbors=48 force=1 render=1 debug=na phase=WARMUP t=20.0 frameAvg=na frameP95=na frameMax=na long=na cpuFrame=na cpuMainAvg=na cpuMainP95=na cpuRenderAvg=na cpuRenderP95=na cpuWaitAvg=na cpuWaitP95=na gpuAvg=na gpuP95=na thermal=1 thermalStart=1 thermalMax=1 buckets=27.2/16.8
M3D_PERF count=30000 maxNeighbors=48 force=1 render=1 debug=na phase=MEASURE t=30.0 frameAvg=na frameP95=na frameMax=na long=na cpuFrame=na cpuMainAvg=na cpuMainP95=na cpuRenderAvg=na cpuRenderP95=na cpuWaitAvg=na cpuWaitP95=na gpuAvg=na gpuP95=na thermal=1 thermalStart=1 thermalMax=1 buckets=27.2/16.8/17.3
M3D_PERF count=30000 maxNeighbors=48 force=1 render=1 debug=na phase=MEASURE t=40.0 frameAvg=16.85 frameP95=16.89 frameMax=33.49 long=0.007 cpuFrame=16.83 cpuMainAvg=4.13 cpuMainP95=7.90 cpuRenderAvg=0.71 cpuRenderP95=1.15 cpuWaitAvg=12.66 cpuWaitP95=16.35 gpuAvg=15.99 gpuP95=23.56 thermal=1 thermalStart=1 thermalMax=1 buckets=27.2/16.8/17.3/16.9
M3D_PERF count=30000 maxNeighbors=48 force=1 render=1 debug=na phase=MEASURE t=50.0 frameAvg=16.80 frameP95=16.87 frameMax=33.49 long=0.003 cpuFrame=16.78 cpuMainAvg=4.16 cpuMainP95=7.44 cpuRenderAvg=0.70 cpuRenderP95=1.07 cpuWaitAvg=12.58 cpuWaitP95=16.48 gpuAvg=15.86 gpuP95=23.56 thermal=1 thermalStart=1 thermalMax=1 buckets=27.2/16.8/17.3/16.9/16.7
M3D_PERF count=30000 maxNeighbors=48 force=1 render=1 debug=na phase=MEASURE t=60.0 frameAvg=16.80 frameP95=16.87 frameMax=33.53 long=0.003 cpuFrame=16.79 cpuMainAvg=4.24 cpuMainP95=7.90 cpuRenderAvg=0.71 cpuRenderP95=1.13 cpuWaitAvg=12.49 cpuWaitP95=16.42 gpuAvg=15.66 gpuP95=23.28 thermal=1 thermalStart=1 thermalMax=1 buckets=27.2/16.8/17.3/16.9/16.7/16.8
M3D_PERF count=30000 maxNeighbors=48 force=1 render=1 debug=na phase=DONE t=60.0 frameAvg=16.80 frameP95=16.87 frameMax=33.53 long=0.003 cpuFrame=16.79 cpuMainAvg=4.25 cpuMainP95=7.90 cpuRenderAvg=0.71 cpuRenderP95=1.14 cpuWaitAvg=12.49 cpuWaitP95=16.42 gpuAvg=15.66 gpuP95=23.28 thermal=1 thermalStart=1 thermalMax=1 buckets=27.2/16.8/17.3/16.9/16.7/16.8/16.8
M3D_PERF count=30000 maxNeighbors=48 force=1 render=1 debug=na phase=DONE t=70.0 frameAvg=16.80 frameP95=16.87 frameMax=33.53 long=0.003 cpuFrame=16.79 cpuMainAvg=4.25 cpuMainP95=7.90 cpuRenderAvg=0.71 cpuRenderP95=1.14 cpuWaitAvg=12.49 cpuWaitP95=16.42 gpuAvg=15.66 gpuP95=23.28 thermal=1 thermalStart=1 thermalMax=1 buckets=27.2/16.8/17.3/16.9/16.7/16.8/17.1
M3D_PERF count=30000 maxNeighbors=48 force=1 render=1 debug=na phase=DONE t=80.0 frameAvg=16.80 frameP95=16.87 frameMax=33.53 long=0.003 cpuFrame=16.79 cpuMainAvg=4.25 cpuMainP95=7.90 cpuRenderAvg=0.71 cpuRenderP95=1.14 cpuWaitAvg=12.49 cpuWaitP95=16.42 gpuAvg=15.66 gpuP95=23.28 thermal=1 thermalStart=1 thermalMax=1 buckets=27.2/16.8/17.3/16.9/16.7/16.8/17.1/16.9
M3D_PERF count=30000 maxNeighbors=48 force=1 render=1 debug=na phase=DONE t=90.0 frameAvg=16.80 frameP95=16.87 frameMax=33.53 long=0.003 cpuFrame=16.79 cpuMainAvg=4.25 cpuMainP95=7.90 cpuRenderAvg=0.71 cpuRenderP95=1.14 cpuWaitAvg=12.49 cpuWaitP95=16.42 gpuAvg=15.66 gpuP95=23.28 thermal=1 thermalStart=1 thermalMax=1 buckets=27.2/16.8/17.3/16.9/16.7/16.8/17.1/16.9/16.9
M3D_PERF count=30000 maxNeighbors=48 force=1 render=1 debug=na phase=DONE t=100.0 frameAvg=16.80 frameP95=16.87 frameMax=33.53 long=0.003 cpuFrame=16.79 cpuMainAvg=4.25 cpuMainP95=7.90 cpuRenderAvg=0.71 cpuRenderP95=1.14 cpuWaitAvg=12.49 cpuWaitP95=16.42 gpuAvg=15.66 gpuP95=23.28 thermal=1 thermalStart=1 thermalMax=1 buckets=27.2/16.8/17.3/16.9/16.7/16.8/17.1/16.9/16.9/16.8
M3D_PERF count=30000 maxNeighbors=48 force=1 render=1 debug=na phase=WARMUP t=10.0 frameAvg=na frameP95=na frameMax=na long=na cpuFrame=na cpuMainAvg=na cpuMainP95=na cpuRenderAvg=na cpuRenderP95=na cpuWaitAvg=na cpuWaitP95=na gpuAvg=na gpuP95=na thermal=1 thermalStart=1 thermalMax=1 buckets=27.9
M3D_PERF count=30000 maxNeighbors=48 force=1 render=1 debug=na phase=WARMUP t=20.0 frameAvg=na frameP95=na frameMax=na long=na cpuFrame=na cpuMainAvg=na cpuMainP95=na cpuRenderAvg=na cpuRenderP95=na cpuWaitAvg=na cpuWaitP95=na gpuAvg=na gpuP95=na thermal=1 thermalStart=1 thermalMax=1 buckets=27.9/16.7
M3D_PERF count=30000 maxNeighbors=48 force=1 render=1 debug=na phase=MEASURE t=30.0 frameAvg=na frameP95=na frameMax=na long=na cpuFrame=na cpuMainAvg=na cpuMainP95=na cpuRenderAvg=na cpuRenderP95=na cpuWaitAvg=na cpuWaitP95=na gpuAvg=na gpuP95=na thermal=1 thermalStart=1 thermalMax=1 buckets=27.9/16.7/16.7
M3D_PERF count=30000 maxNeighbors=48 force=1 render=1 debug=na phase=MEASURE t=40.0 frameAvg=16.74 frameP95=16.87 frameMax=17.41 long=0.000 cpuFrame=16.74 cpuMainAvg=4.46 cpuMainP95=6.58 cpuRenderAvg=0.76 cpuRenderP95=1.10 cpuWaitAvg=12.19 cpuWaitP95=15.50 gpuAvg=15.73 gpuP95=22.77 thermal=1 thermalStart=1 thermalMax=1 buckets=27.9/16.7/16.7/16.7
M3D_PERF count=30000 maxNeighbors=48 force=1 render=1 debug=na phase=MEASURE t=50.0 frameAvg=16.74 frameP95=16.86 frameMax=17.41 long=0.000 cpuFrame=16.74 cpuMainAvg=4.34 cpuMainP95=6.39 cpuRenderAvg=0.76 cpuRenderP95=1.08 cpuWaitAvg=12.31 cpuWaitP95=15.55 gpuAvg=15.80 gpuP95=22.88 thermal=1 thermalStart=1 thermalMax=1 buckets=27.9/16.7/16.7/16.7/16.7
M3D_PERF count=30000 maxNeighbors=48 force=1 render=1 debug=na phase=MEASURE t=60.0 frameAvg=16.74 frameP95=16.85 frameMax=17.41 long=0.000 cpuFrame=16.74 cpuMainAvg=4.26 cpuMainP95=6.28 cpuRenderAvg=0.75 cpuRenderP95=1.04 cpuWaitAvg=12.39 cpuWaitP95=15.52 gpuAvg=15.85 gpuP95=22.93 thermal=1 thermalStart=1 thermalMax=1 buckets=27.9/16.7/16.7/16.7/16.7/16.7
M3D_PERF count=30000 maxNeighbors=48 force=1 render=1 debug=na phase=DONE t=60.0 frameAvg=16.74 frameP95=16.85 frameMax=17.41 long=0.000 cpuFrame=16.74 cpuMainAvg=4.26 cpuMainP95=6.28 cpuRenderAvg=0.75 cpuRenderP95=1.04 cpuWaitAvg=12.39 cpuWaitP95=15.52 gpuAvg=15.85 gpuP95=22.93 thermal=1 thermalStart=1 thermalMax=1 buckets=27.9/16.7/16.7/16.7/16.7/16.7/16.7
M3D_PERF count=30000 maxNeighbors=48 force=1 render=1 debug=na phase=WARMUP t=10.0 frameAvg=na frameP95=na frameMax=na long=na cpuFrame=na cpuMainAvg=na cpuMainP95=na cpuRenderAvg=na cpuRenderP95=na cpuWaitAvg=na cpuWaitP95=na gpuAvg=na gpuP95=na thermal=0 thermalStart=0 thermalMax=0 buckets=23.1
M3D_PERF count=30000 maxNeighbors=48 force=1 render=1 debug=na phase=WARMUP t=20.0 frameAvg=na frameP95=na frameMax=na long=na cpuFrame=na cpuMainAvg=na cpuMainP95=na cpuRenderAvg=na cpuRenderP95=na cpuWaitAvg=na cpuWaitP95=na gpuAvg=na gpuP95=na thermal=0 thermalStart=0 thermalMax=0 buckets=23.1/16.7
M3D_PERF count=30000 maxNeighbors=48 force=1 render=1 debug=na phase=MEASURE t=30.0 frameAvg=na frameP95=na frameMax=na long=na cpuFrame=na cpuMainAvg=na cpuMainP95=na cpuRenderAvg=na cpuRenderP95=na cpuWaitAvg=na cpuWaitP95=na gpuAvg=na gpuP95=na thermal=0 thermalStart=0 thermalMax=0 buckets=23.1/16.7/16.8
M3D_PERF count=30000 maxNeighbors=48 force=1 render=1 debug=na phase=MEASURE t=40.0 frameAvg=16.74 frameP95=16.83 frameMax=16.94 long=0.000 cpuFrame=16.74 cpuMainAvg=4.23 cpuMainP95=5.80 cpuRenderAvg=0.76 cpuRenderP95=1.05 cpuWaitAvg=12.44 cpuWaitP95=14.52 gpuAvg=16.07 gpuP95=24.14 thermal=0 thermalStart=0 thermalMax=0 buckets=23.1/16.7/16.8/16.7
M3D_PERF count=30000 maxNeighbors=48 force=1 render=1 debug=na phase=MEASURE t=50.0 frameAvg=16.74 frameP95=16.83 frameMax=16.94 long=0.000 cpuFrame=16.74 cpuMainAvg=4.23 cpuMainP95=5.89 cpuRenderAvg=0.76 cpuRenderP95=1.08 cpuWaitAvg=12.43 cpuWaitP95=14.77 gpuAvg=16.00 gpuP95=24.23 thermal=0 thermalStart=0 thermalMax=0 buckets=23.1/16.7/16.8/16.7/16.7
M3D_PERF count=30000 maxNeighbors=48 force=1 render=1 debug=na phase=MEASURE t=60.0 frameAvg=16.74 frameP95=16.83 frameMax=17.35 long=0.000 cpuFrame=16.74 cpuMainAvg=4.23 cpuMainP95=5.91 cpuRenderAvg=0.76 cpuRenderP95=1.07 cpuWaitAvg=12.43 cpuWaitP95=14.86 gpuAvg=16.00 gpuP95=24.08 thermal=0 thermalStart=0 thermalMax=0 buckets=23.1/16.7/16.8/16.7/16.7/16.7
M3D_PERF count=30000 maxNeighbors=48 force=1 render=1 debug=na phase=DONE t=60.0 frameAvg=16.74 frameP95=16.83 frameMax=17.35 long=0.000 cpuFrame=16.74 cpuMainAvg=4.23 cpuMainP95=5.91 cpuRenderAvg=0.76 cpuRenderP95=1.07 cpuWaitAvg=12.43 cpuWaitP95=14.86 gpuAvg=16.01 gpuP95=24.08 thermal=0 thermalStart=0 thermalMax=0 buckets=23.1/16.7/16.8/16.7/16.7/16.7/16.8
M3D_PERF count=3000 maxNeighbors=48 force=1 render=1 debug=na phase=WARMUP t=10.0 frameAvg=na frameP95=na frameMax=na long=na cpuFrame=na cpuMainAvg=na cpuMainP95=na cpuRenderAvg=na cpuRenderP95=na cpuWaitAvg=na cpuWaitP95=na gpuAvg=na gpuP95=na thermal=0 thermalStart=0 thermalMax=0 buckets=22.8
M3D_PERF count=3000 maxNeighbors=48 force=1 render=1 debug=na phase=WARMUP t=20.0 frameAvg=na frameP95=na frameMax=na long=na cpuFrame=na cpuMainAvg=na cpuMainP95=na cpuRenderAvg=na cpuRenderP95=na cpuWaitAvg=na cpuWaitP95=na gpuAvg=na gpuP95=na thermal=0 thermalStart=0 thermalMax=0 buckets=22.8/16.7
M3D_PERF count=3000 maxNeighbors=48 force=1 render=1 debug=na phase=MEASURE t=30.0 frameAvg=na frameP95=na frameMax=na long=na cpuFrame=na cpuMainAvg=na cpuMainP95=na cpuRenderAvg=na cpuRenderP95=na cpuWaitAvg=na cpuWaitP95=na gpuAvg=na gpuP95=na thermal=0 thermalStart=0 thermalMax=0 buckets=22.8/16.7/16.7
M3D_PERF count=3000 maxNeighbors=48 force=1 render=1 debug=na phase=MEASURE t=40.0 frameAvg=16.74 frameP95=16.85 frameMax=17.17 long=0.000 cpuFrame=16.74 cpuMainAvg=4.21 cpuMainP95=5.76 cpuRenderAvg=0.69 cpuRenderP95=1.08 cpuWaitAvg=12.50 cpuWaitP95=15.29 gpuAvg=16.70 gpuP95=18.13 thermal=0 thermalStart=0 thermalMax=0 buckets=22.8/16.7/16.7/16.7
M3D_PERF count=3000 maxNeighbors=48 force=1 render=1 debug=na phase=MEASURE t=50.0 frameAvg=16.74 frameP95=16.85 frameMax=17.44 long=0.000 cpuFrame=16.74 cpuMainAvg=4.30 cpuMainP95=6.31 cpuRenderAvg=0.70 cpuRenderP95=1.10 cpuWaitAvg=12.41 cpuWaitP95=15.83 gpuAvg=16.69 gpuP95=17.98 thermal=0 thermalStart=0 thermalMax=0 buckets=22.8/16.7/16.7/16.7/16.7
M3D_PERF count=3000 maxNeighbors=48 force=1 render=1 debug=na phase=MEASURE t=60.0 frameAvg=16.74 frameP95=16.85 frameMax=17.44 long=0.000 cpuFrame=16.74 cpuMainAvg=4.28 cpuMainP95=6.33 cpuRenderAvg=0.70 cpuRenderP95=1.10 cpuWaitAvg=12.43 cpuWaitP95=15.68 gpuAvg=16.70 gpuP95=18.08 thermal=0 thermalStart=0 thermalMax=0 buckets=22.8/16.7/16.7/16.7/16.7/16.7
M3D_PERF count=3000 maxNeighbors=48 force=1 render=1 debug=na phase=DONE t=60.0 frameAvg=16.74 frameP95=16.85 frameMax=17.44 long=0.000 cpuFrame=16.74 cpuMainAvg=4.28 cpuMainP95=6.33 cpuRenderAvg=0.70 cpuRenderP95=1.10 cpuWaitAvg=12.43 cpuWaitP95=15.68 gpuAvg=16.70 gpuP95=18.08 thermal=0 thermalStart=0 thermalMax=0 buckets=22.8/16.7/16.7/16.7/16.7/16.7/16.8
M3D_PERF count=3000 maxNeighbors=48 force=1 render=1 debug=na phase=DONE t=70.0 frameAvg=16.74 frameP95=16.85 frameMax=17.44 long=0.000 cpuFrame=16.74 cpuMainAvg=4.28 cpuMainP95=6.33 cpuRenderAvg=0.70 cpuRenderP95=1.10 cpuWaitAvg=12.43 cpuWaitP95=15.68 gpuAvg=16.70 gpuP95=18.08 thermal=0 thermalStart=0 thermalMax=0 buckets=22.8/16.7/16.7/16.7/16.7/16.7/16.7
M3D_PERF count=3000 maxNeighbors=48 force=1 render=1 debug=na phase=WARMUP t=10.0 frameAvg=na frameP95=na frameMax=na long=na cpuFrame=na cpuMainAvg=na cpuMainP95=na cpuRenderAvg=na cpuRenderP95=na cpuWaitAvg=na cpuWaitP95=na gpuAvg=na gpuP95=na thermal=0 thermalStart=0 thermalMax=0 buckets=22.9
M3D_PERF count=3000 maxNeighbors=48 force=1 render=1 debug=na phase=WARMUP t=20.0 frameAvg=na frameP95=na frameMax=na long=na cpuFrame=na cpuMainAvg=na cpuMainP95=na cpuRenderAvg=na cpuRenderP95=na cpuWaitAvg=na cpuWaitP95=na gpuAvg=na gpuP95=na thermal=0 thermalStart=0 thermalMax=0 buckets=22.9/16.7
M3D_PERF count=3000 maxNeighbors=48 force=1 render=1 debug=na phase=MEASURE t=30.0 frameAvg=na frameP95=na frameMax=na long=na cpuFrame=na cpuMainAvg=na cpuMainP95=na cpuRenderAvg=na cpuRenderP95=na cpuWaitAvg=na cpuWaitP95=na gpuAvg=na gpuP95=na thermal=0 thermalStart=0 thermalMax=0 buckets=22.9/16.7/16.7
M3D_PERF count=3000 maxNeighbors=48 force=1 render=1 debug=na phase=MEASURE t=40.0 frameAvg=16.74 frameP95=16.84 frameMax=17.90 long=0.003 cpuFrame=16.74 cpuMainAvg=4.56 cpuMainP95=6.07 cpuRenderAvg=0.88 cpuRenderP95=1.22 cpuWaitAvg=12.15 cpuWaitP95=15.66 gpuAvg=15.19 gpuP95=18.14 thermal=0 thermalStart=0 thermalMax=0 buckets=22.9/16.7/16.7/16.7
M3D_PERF count=3000 maxNeighbors=48 force=1 render=1 debug=na phase=MEASURE t=50.0 frameAvg=16.75 frameP95=16.84 frameMax=33.49 long=0.003 cpuFrame=16.75 cpuMainAvg=4.52 cpuMainP95=6.15 cpuRenderAvg=0.84 cpuRenderP95=1.18 cpuWaitAvg=12.19 cpuWaitP95=15.49 gpuAvg=15.49 gpuP95=17.90 thermal=0 thermalStart=0 thermalMax=0 buckets=22.9/16.7/16.7/16.7/16.8
M3D_PERF count=3000 maxNeighbors=48 force=1 render=1 debug=na phase=MEASURE t=60.0 frameAvg=16.75 frameP95=16.84 frameMax=33.49 long=0.002 cpuFrame=16.75 cpuMainAvg=4.56 cpuMainP95=6.20 cpuRenderAvg=0.82 cpuRenderP95=1.15 cpuWaitAvg=12.15 cpuWaitP95=15.42 gpuAvg=15.89 gpuP95=17.87 thermal=0 thermalStart=0 thermalMax=0 buckets=22.9/16.7/16.7/16.7/16.8/16.7
M3D_PERF count=3000 maxNeighbors=48 force=1 render=1 debug=na phase=DONE t=60.0 frameAvg=16.75 frameP95=16.84 frameMax=33.49 long=0.002 cpuFrame=16.75 cpuMainAvg=4.56 cpuMainP95=6.20 cpuRenderAvg=0.82 cpuRenderP95=1.15 cpuWaitAvg=12.15 cpuWaitP95=15.42 gpuAvg=15.89 gpuP95=17.86 thermal=0 thermalStart=0 thermalMax=0 buckets=22.9/16.7/16.7/16.7/16.8/16.7/16.8
M3D_PERF count=3000 maxNeighbors=48 force=1 render=1 debug=na phase=DONE t=70.0 frameAvg=16.75 frameP95=16.84 frameMax=33.49 long=0.002 cpuFrame=16.75 cpuMainAvg=4.56 cpuMainP95=6.20 cpuRenderAvg=0.82 cpuRenderP95=1.15 cpuWaitAvg=12.15 cpuWaitP95=15.42 gpuAvg=15.89 gpuP95=17.86 thermal=0 thermalStart=0 thermalMax=0 buckets=22.9/16.7/16.7/16.7/16.8/16.7/16.7
