count,maxNeighbors,force,render,debug,phase,t,frameAvg,frameP95,frameMax,long,cpuFrame,cpuMainAvg,cpuMainP95,cpuRenderAvg,cpuRenderP95,cpuWaitAvg,cpuWaitP95,gpuAvg,gpuP95,thermal,thermalStart,thermalMax,buckets,res,hist
d9bba9c 
M3D_PERF count=30000 maxNeighbors=48 force=1 render=1 debug=na phase=WARMUP t=10.0 frameAvg=na frameP95=na frameMax=na long=na cpuFrame=na cpuMainAvg=na cpuMainP95=na cpuRenderAvg=na cpuRenderP95=na cpuWaitAvg=na cpuWaitP95=na gpuAvg=na gpuP95=na thermal=0 thermalStart=0 thermalMax=0 buckets=23.6 res=2280x1080 hist=na
M3D_PERF count=30000 maxNeighbors=48 force=1 render=1 debug=na phase=WARMUP t=20.0 frameAvg=na frameP95=na frameMax=na long=na cpuFrame=na cpuMainAvg=na cpuMainP95=na cpuRenderAvg=na cpuRenderP95=na cpuWaitAvg=na cpuWaitP95=na gpuAvg=na gpuP95=na thermal=0 thermalStart=0 thermalMax=0 buckets=23.6/16.7 res=2280x1080 hist=na
M3D_PERF count=30000 maxNeighbors=48 force=1 render=1 debug=na phase=MEASURE t=30.0 frameAvg=na frameP95=na frameMax=na long=na cpuFrame=na cpuMainAvg=na cpuMainP95=na cpuRenderAvg=na cpuRenderP95=na cpuWaitAvg=na cpuWaitP95=na gpuAvg=na gpuP95=na thermal=0 thermalStart=0 thermalMax=0 buckets=23.6/16.7/16.7 res=2280x1080 hist=na
M3D_PERF count=30000 maxNeighbors=48 force=1 render=1 debug=na phase=MEASURE t=40.0 frameAvg=16.74 frameP95=16.86 frameMax=17.35 long=0.000 cpuFrame=16.74 cpuMainAvg=4.24 cpuMainP95=5.91 cpuRenderAvg=0.80 cpuRenderP95=1.23 cpuWaitAvg=12.47 cpuWaitP95=15.33 gpuAvg=16.69 gpuP95=19.38 thermal=0 thermalStart=0 thermalMax=0 buckets=23.6/16.7/16.7/16.7 res=2280x1080 hist=0/598/0/0/0/0
M3D_PERF count=30000 maxNeighbors=48 force=1 render=1 debug=na phase=MEASURE t=50.0 frameAvg=16.74 frameP95=16.86 frameMax=17.38 long=0.000 cpuFrame=16.74 cpuMainAvg=4.23 cpuMainP95=6.13 cpuRenderAvg=0.78 cpuRenderP95=1.23 cpuWaitAvg=12.48 cpuWaitP95=14.89 gpuAvg=16.72 gpuP95=19.38 thermal=0 thermalStart=0 thermalMax=0 buckets=23.6/16.7/16.7/16.7/16.7 res=2280x1080 hist=0/1195/0/0/0/0
M3D_PERF count=30000 maxNeighbors=48 force=1 render=1 debug=na phase=MEASURE t=60.0 frameAvg=16.74 frameP95=16.85 frameMax=17.38 long=0.000 cpuFrame=16.74 cpuMainAvg=4.26 cpuMainP95=6.19 cpuRenderAvg=0.79 cpuRenderP95=1.21 cpuWaitAvg=12.45 cpuWaitP95=14.91 gpuAvg=16.74 gpuP95=19.46 thermal=0 thermalStart=0 thermalMax=0 buckets=23.6/16.7/16.7/16.7/16.7/16.7 res=2280x1080 hist=0/1792/0/0/0/0
M3D_PERF count=30000 maxNeighbors=48 force=1 render=1 debug=na phase=DONE t=60.0 frameAvg=16.74 frameP95=16.85 frameMax=17.38 long=0.000 cpuFrame=16.74 cpuMainAvg=4.26 cpuMainP95=6.19 cpuRenderAvg=0.79 cpuRenderP95=1.21 cpuWaitAvg=12.46 cpuWaitP95=14.91 gpuAvg=16.74 gpuP95=19.46 thermal=0 thermalStart=0 thermalMax=0 buckets=23.6/16.7/16.7/16.7/16.7/16.7/16.7 res=2280x1080 hist=0/1793/0/0/0/0
M3D_PERF count=30000 maxNeighbors=48 force=1 render=1 debug=na phase=DONE t=70.0 frameAvg=16.74 frameP95=16.85 frameMax=17.38 long=0.000 cpuFrame=16.74 cpuMainAvg=4.26 cpuMainP95=6.19 cpuRenderAvg=0.79 cpuRenderP95=1.21 cpuWaitAvg=12.46 cpuWaitP95=14.91 gpuAvg=16.74 gpuP95=19.46 thermal=0 thermalStart=0 thermalMax=0 buckets=23.6/16.7/16.7/16.7/16.7/16.7/16.7 res=2280x1080 hist=0/1793/0/0/0/0
M3D_PERF count=30000 maxNeighbors=48 force=1 render=1 debug=na phase=WARMUP t=10.0 frameAvg=na frameP95=na frameMax=na long=na cpuFrame=na cpuMainAvg=na cpuMainP95=na cpuRenderAvg=na cpuRenderP95=na cpuWaitAvg=na cpuWaitP95=na gpuAvg=na gpuP95=na thermal=0 thermalStart=0 thermalMax=0 buckets=23.4 res=3040x1440 hist=na
M3D_PERF count=30000 maxNeighbors=48 force=1 render=1 debug=na phase=WARMUP t=20.0 frameAvg=na frameP95=na frameMax=na long=na cpuFrame=na cpuMainAvg=na cpuMainP95=na cpuRenderAvg=na cpuRenderP95=na cpuWaitAvg=na cpuWaitP95=na gpuAvg=na gpuP95=na thermal=0 thermalStart=0 thermalMax=0 buckets=23.4/16.7 res=3040x1440 hist=na
M3D_PERF count=30000 maxNeighbors=48 force=1 render=1 debug=na phase=MEASURE t=30.0 frameAvg=na frameP95=na frameMax=na long=na cpuFrame=na cpuMainAvg=na cpuMainP95=na cpuRenderAvg=na cpuRenderP95=na cpuWaitAvg=na cpuWaitP95=na gpuAvg=na gpuP95=na thermal=0 thermalStart=0 thermalMax=0 buckets=23.4/16.7/16.8 res=3040x1440 hist=na
M3D_PERF count=30000 maxNeighbors=48 force=1 render=1 debug=na phase=MEASURE t=40.0 frameAvg=16.74 frameP95=16.85 frameMax=17.36 long=0.000 cpuFrame=16.74 cpuMainAvg=4.23 cpuMainP95=5.65 cpuRenderAvg=0.80 cpuRenderP95=1.05 cpuWaitAvg=12.43 cpuWaitP95=14.75 gpuAvg=16.71 gpuP95=20.32 thermal=0 thermalStart=0 thermalMax=0 buckets=23.4/16.7/16.8/16.7 res=3040x1440 hist=0/598/0/0/0/0
M3D_PERF count=30000 maxNeighbors=48 force=1 render=1 debug=na phase=MEASURE t=50.0 frameAvg=16.74 frameP95=16.85 frameMax=17.36 long=0.000 cpuFrame=16.74 cpuMainAvg=4.27 cpuMainP95=5.83 cpuRenderAvg=0.79 cpuRenderP95=1.05 cpuWaitAvg=12.39 cpuWaitP95=14.64 gpuAvg=16.69 gpuP95=20.26 thermal=0 thermalStart=0 thermalMax=0 buckets=23.4/16.7/16.8/16.7/16.7 res=3040x1440 hist=0/1195/0/0/0/0
M3D_PERF count=30000 maxNeighbors=48 force=1 render=1 debug=na phase=MEASURE t=60.0 frameAvg=16.74 frameP95=16.85 frameMax=17.49 long=0.000 cpuFrame=16.74 cpuMainAvg=4.31 cpuMainP95=5.95 cpuRenderAvg=0.79 cpuRenderP95=1.04 cpuWaitAvg=12.35 cpuWaitP95=14.79 gpuAvg=16.69 gpuP95=20.22 thermal=0 thermalStart=0 thermalMax=0 buckets=23.4/16.7/16.8/16.7/16.7/16.7 res=3040x1440 hist=0/1792/0/0/0/0
M3D_PERF count=30000 maxNeighbors=48 force=1 render=1 debug=na phase=DONE t=60.0 frameAvg=16.74 frameP95=16.85 frameMax=17.49 long=0.000 cpuFrame=16.74 cpuMainAvg=4.31 cpuMainP95=5.95 cpuRenderAvg=0.79 cpuRenderP95=1.04 cpuWaitAvg=12.35 cpuWaitP95=14.79 gpuAvg=16.69 gpuP95=20.22 thermal=0 thermalStart=0 thermalMax=0 buckets=23.4/16.7/16.8/16.7/16.7/16.7/16.7 res=3040x1440 hist=0/1793/0/0/0/0
M3D_PERF count=30000 maxNeighbors=48 force=1 render=1 debug=na phase=DONE t=70.0 frameAvg=16.74 frameP95=16.85 frameMax=17.49 long=0.000 cpuFrame=16.74 cpuMainAvg=4.31 cpuMainP95=5.95 cpuRenderAvg=0.79 cpuRenderP95=1.04 cpuWaitAvg=12.35 cpuWaitP95=14.79 gpuAvg=16.69 gpuP95=20.22 thermal=0 thermalStart=0 thermalMax=0 buckets=23.4/16.7/16.8/16.7/16.7/16.7/16.7 res=3040x1440 hist=0/1793/0/0/0/0
27c7c4c 
M3D_PERF count=30000 maxNeighbors=48 force=1 render=1 debug=na phase=WARMUP t=10.0 frameAvg=na frameP95=na frameMax=na long=na cpuFrame=na cpuMainAvg=na cpuMainP95=na cpuRenderAvg=na cpuRenderP95=na cpuWaitAvg=na cpuWaitP95=na gpuAvg=na gpuP95=na thermal=0 thermalStart=0 thermalMax=0 buckets=23.2 res=3040x1440 hist=na
M3D_PERF count=30000 maxNeighbors=48 force=1 render=1 debug=na phase=WARMUP t=20.0 frameAvg=na frameP95=na frameMax=na long=na cpuFrame=na cpuMainAvg=na cpuMainP95=na cpuRenderAvg=na cpuRenderP95=na cpuWaitAvg=na cpuWaitP95=na gpuAvg=na gpuP95=na thermal=0 thermalStart=0 thermalMax=0 buckets=23.2/16.7 res=3040x1440 hist=na
M3D_PERF count=30000 maxNeighbors=48 force=1 render=1 debug=na phase=MEASURE t=30.0 frameAvg=na frameP95=na frameMax=na long=na cpuFrame=na cpuMainAvg=na cpuMainP95=na cpuRenderAvg=na cpuRenderP95=na cpuWaitAvg=na cpuWaitP95=na gpuAvg=na gpuP95=na thermal=0 thermalStart=0 thermalMax=0 buckets=23.2/16.7/16.7 res=3040x1440 hist=na
M3D_PERF count=30000 maxNeighbors=48 force=1 render=1 debug=na phase=MEASURE t=40.0 frameAvg=16.74 frameP95=16.87 frameMax=17.28 long=0.000 cpuFrame=16.74 cpuMainAvg=4.29 cpuMainP95=5.71 cpuRenderAvg=0.84 cpuRenderP95=1.22 cpuWaitAvg=12.38 cpuWaitP95=14.04 gpuAvg=14.87 gpuP95=21.81 thermal=0 thermalStart=0 thermalMax=0 buckets=23.2/16.7/16.7/16.7 res=3040x1440 hist=0/597/0/0/0/0
M3D_PERF count=30000 maxNeighbors=48 force=1 render=1 debug=na phase=MEASURE t=50.0 frameAvg=16.74 frameP95=16.85 frameMax=17.28 long=0.000 cpuFrame=16.74 cpuMainAvg=4.25 cpuMainP95=5.82 cpuRenderAvg=0.81 cpuRenderP95=1.19 cpuWaitAvg=12.42 cpuWaitP95=14.08 gpuAvg=14.96 gpuP95=21.66 thermal=0 thermalStart=0 thermalMax=0 buckets=23.2/16.7/16.7/16.7/16.7 res=3040x1440 hist=0/1195/0/0/0/0
M3D_PERF count=30000 maxNeighbors=48 force=1 render=1 debug=na phase=MEASURE t=60.0 frameAvg=16.75 frameP95=16.84 frameMax=33.50 long=0.001 cpuFrame=16.75 cpuMainAvg=4.27 cpuMainP95=5.99 cpuRenderAvg=0.80 cpuRenderP95=1.16 cpuWaitAvg=12.41 cpuWaitP95=14.54 gpuAvg=14.83 gpuP95=21.80 thermal=0 thermalStart=0 thermalMax=0 buckets=23.2/16.7/16.7/16.7/16.7/16.8 res=3040x1440 hist=0/1790/0/1/0/0
M3D_PERF count=30000 maxNeighbors=48 force=1 render=1 debug=na phase=DONE t=60.0 frameAvg=16.75 frameP95=16.84 frameMax=33.50 long=0.001 cpuFrame=16.75 cpuMainAvg=4.27 cpuMainP95=5.99 cpuRenderAvg=0.80 cpuRenderP95=1.16 cpuWaitAvg=12.41 cpuWaitP95=14.55 gpuAvg=14.83 gpuP95=21.80 thermal=0 thermalStart=0 thermalMax=0 buckets=23.2/16.7/16.7/16.7/16.7/16.8/16.7 res=3040x1440 hist=0/1791/0/1/0/0
M3D_PERF count=30000 maxNeighbors=48 force=1 render=1 debug=na phase=DONE t=70.0 frameAvg=16.75 frameP95=16.84 frameMax=33.50 long=0.001 cpuFrame=16.75 cpuMainAvg=4.27 cpuMainP95=5.99 cpuRenderAvg=0.80 cpuRenderP95=1.16 cpuWaitAvg=12.41 cpuWaitP95=14.55 gpuAvg=14.83 gpuP95=21.80 thermal=0 thermalStart=0 thermalMax=0 buckets=23.2/16.7/16.7/16.7/16.7/16.8/16.7 res=3040x1440 hist=0/1791/0/1/0/0
M3D_PERF count=30000 maxNeighbors=48 force=1 render=1 debug=na phase=WARMUP t=10.0 frameAvg=na frameP95=na frameMax=na long=na cpuFrame=na cpuMainAvg=na cpuMainP95=na cpuRenderAvg=na cpuRenderP95=na cpuWaitAvg=na cpuWaitP95=na gpuAvg=na gpuP95=na thermal=0 thermalStart=0 thermalMax=0 buckets=23.2 res=2280x1080 hist=na
M3D_PERF count=30000 maxNeighbors=48 force=1 render=1 debug=na phase=WARMUP t=20.0 frameAvg=na frameP95=na frameMax=na long=na cpuFrame=na cpuMainAvg=na cpuMainP95=na cpuRenderAvg=na cpuRenderP95=na cpuWaitAvg=na cpuWaitP95=na gpuAvg=na gpuP95=na thermal=0 thermalStart=0 thermalMax=0 buckets=23.2/16.7 res=2280x1080 hist=na
M3D_PERF count=30000 maxNeighbors=48 force=1 render=1 debug=na phase=MEASURE t=30.0 frameAvg=na frameP95=na frameMax=na long=na cpuFrame=na cpuMainAvg=na cpuMainP95=na cpuRenderAvg=na cpuRenderP95=na cpuWaitAvg=na cpuWaitP95=na gpuAvg=na gpuP95=na thermal=0 thermalStart=0 thermalMax=0 buckets=23.2/16.7/16.7 res=2280x1080 hist=na
M3D_PERF count=30000 maxNeighbors=48 force=1 render=1 debug=na phase=MEASURE t=40.0 frameAvg=16.85 frameP95=16.87 frameMax=33.52 long=0.008 cpuFrame=16.85 cpuMainAvg=4.44 cpuMainP95=7.13 cpuRenderAvg=0.79 cpuRenderP95=1.16 cpuWaitAvg=12.36 cpuWaitP95=15.41 gpuAvg=14.93 gpuP95=24.05 thermal=0 thermalStart=0 thermalMax=0 buckets=23.2/16.7/16.7/16.9 res=2280x1080 hist=0/589/0/4/0/0
M3D_PERF count=30000 maxNeighbors=48 force=1 render=1 debug=na phase=MEASURE t=50.0 frameAvg=16.79 frameP95=16.87 frameMax=33.52 long=0.004 cpuFrame=16.80 cpuMainAvg=4.40 cpuMainP95=6.40 cpuRenderAvg=0.77 cpuRenderP95=1.14 cpuWaitAvg=12.34 cpuWaitP95=14.42 gpuAvg=14.84 gpuP95=23.73 thermal=0 thermalStart=0 thermalMax=0 buckets=23.2/16.7/16.7/16.9/16.7 res=2280x1080 hist=0/1187/0/4/0/0
M3D_PERF count=30000 maxNeighbors=48 force=1 render=1 debug=na phase=MEASURE t=60.0 frameAvg=16.78 frameP95=16.86 frameMax=33.52 long=0.003 cpuFrame=16.78 cpuMainAvg=4.37 cpuMainP95=6.51 cpuRenderAvg=0.77 cpuRenderP95=1.14 cpuWaitAvg=12.35 cpuWaitP95=14.26 gpuAvg=14.84 gpuP95=23.43 thermal=0 thermalStart=0 thermalMax=0 buckets=23.2/16.7/16.7/16.9/16.7/16.7 res=2280x1080 hist=0/1784/0/4/0/0
M3D_PERF count=30000 maxNeighbors=48 force=1 render=1 debug=na phase=DONE t=60.0 frameAvg=16.78 frameP95=16.86 frameMax=33.52 long=0.003 cpuFrame=16.78 cpuMainAvg=4.37 cpuMainP95=6.51 cpuRenderAvg=0.77 cpuRenderP95=1.14 cpuWaitAvg=12.35 cpuWaitP95=14.31 gpuAvg=14.84 gpuP95=23.43 thermal=0 thermalStart=0 thermalMax=0 buckets=23.2/16.7/16.7/16.9/16.7/16.7/16.8 res=2280x1080 hist=0/1785/0/4/0/0
M3D_PERF count=30000 maxNeighbors=48 force=1 render=1 debug=na phase=DONE t=70.0 frameAvg=16.78 frameP95=16.86 frameMax=33.52 long=0.003 cpuFrame=16.78 cpuMainAvg=4.37 cpuMainP95=6.51 cpuRenderAvg=0.77 cpuRenderP95=1.14 cpuWaitAvg=12.35 cpuWaitP95=14.31 gpuAvg=14.84 gpuP95=23.43 thermal=0 thermalStart=0 thermalMax=0 buckets=23.2/16.7/16.7/16.9/16.7/16.7/16.7 res=2280x1080 hist=0/1785/0/4/0/0
